-- MySQL dump 10.13  Distrib 8.0.27, for Win64 (x86_64)
--
-- Host: 127.0.0.1    Database: aristino
-- ------------------------------------------------------
-- Server version	8.0.27

/*!40101 SET @OLD_CHARACTER_SET_CLIENT=@@CHARACTER_SET_CLIENT */;
/*!40101 SET @OLD_CHARACTER_SET_RESULTS=@@CHARACTER_SET_RESULTS */;
/*!40101 SET @OLD_COLLATION_CONNECTION=@@COLLATION_CONNECTION */;
/*!50503 SET NAMES utf8 */;
/*!40103 SET @OLD_TIME_ZONE=@@TIME_ZONE */;
/*!40103 SET TIME_ZONE='+00:00' */;
/*!40014 SET @OLD_UNIQUE_CHECKS=@@UNIQUE_CHECKS, UNIQUE_CHECKS=0 */;
/*!40014 SET @OLD_FOREIGN_KEY_CHECKS=@@FOREIGN_KEY_CHECKS, FOREIGN_KEY_CHECKS=0 */;
/*!40101 SET @OLD_SQL_MODE=@@SQL_MODE, SQL_MODE='NO_AUTO_VALUE_ON_ZERO' */;
/*!40111 SET @OLD_SQL_NOTES=@@SQL_NOTES, SQL_NOTES=0 */;

--
-- Table structure for table `admin`
--

DROP TABLE IF EXISTS `admin`;
/*!40101 SET @saved_cs_client     = @@character_set_client */;
/*!50503 SET character_set_client = utf8mb4 */;
CREATE TABLE `admin` (
  `id_ad` int NOT NULL AUTO_INCREMENT,
  `tk` varchar(100) DEFAULT NULL,
  `mk` varchar(500) DEFAULT NULL,
  PRIMARY KEY (`id_ad`)
) ENGINE=InnoDB AUTO_INCREMENT=2 DEFAULT CHARSET=utf8mb4 COLLATE=utf8mb4_0900_ai_ci;
/*!40101 SET character_set_client = @saved_cs_client */;

--
-- Dumping data for table `admin`
--

LOCK TABLES `admin` WRITE;
/*!40000 ALTER TABLE `admin` DISABLE KEYS */;
INSERT INTO `admin` VALUES (1,'admin','123456');
/*!40000 ALTER TABLE `admin` ENABLE KEYS */;
UNLOCK TABLES;

--
-- Table structure for table `anhchitiet`
--

DROP TABLE IF EXISTS `anhchitiet`;
/*!40101 SET @saved_cs_client     = @@character_set_client */;
/*!50503 SET character_set_client = utf8mb4 */;
CREATE TABLE `anhchitiet` (
  `id_ct` int NOT NULL AUTO_INCREMENT,
  `id_sp` int NOT NULL,
  `anhct1` varchar(255) DEFAULT NULL,
  `anhct2` varchar(255) DEFAULT NULL,
  `anhct3` varchar(255) DEFAULT NULL,
  `anhct4` varchar(255) DEFAULT NULL,
  `anhct5` varchar(255) DEFAULT NULL,
  PRIMARY KEY (`id_ct`),
  KEY `id_sp` (`id_sp`),
  CONSTRAINT `anhchitiet_ibfk_1` FOREIGN KEY (`id_sp`) REFERENCES `sanpham` (`id_sp`)
) ENGINE=InnoDB AUTO_INCREMENT=86 DEFAULT CHARSET=utf8mb4 COLLATE=utf8mb4_0900_ai_ci;
/*!40101 SET character_set_client = @saved_cs_client */;

--
-- Dumping data for table `anhchitiet`
--

LOCK TABLES `anhchitiet` WRITE;
/*!40000 ALTER TABLE `anhchitiet` DISABLE KEYS */;
INSERT INTO `anhchitiet` VALUES (1,1,'img/ao-so-mi-nam-aristino-ASS212S2-01x900x900x4.jpg','img/ao-so-mi-nam-aristino-ASS212S2-03x900x900x4.jpg','img/ao-so-mi-nam-aristino-ASS212S2x900x900x4.jpg','img/ao-so-mi-nam-aristino-ASS212S2-05x900x900x4.jpg',NULL),(2,2,'img/ao-so-mi-nam-aristino-ASS140S1-02x900x900x4.jpg','img/ao-so-mi-nam-aristino-ASS140S1-03x900x900x4.jpg','img/ao-so-mi-nam-aristino-ASS140S1-04x900x900x4.jpg','img/ao-so-mi-nam-aristino-ASS140S1x900x900x4.jpg','img/ao-so-mi-nam-aristino-ASS140S1-05x900x900x4.jpg'),(3,3,'img/ao-so-mi-nam-aristino-ASS410S2-02x900x900x4.jpg','img/ao-so-mi-nam-aristino-ASS410S2-04x900x900x4.jpg','img/ao-so-mi-nam-aristino-ASS410S2x900x900x4.jpg','img/ao-so-mi-nam-aristino-ASS410S2-05x900x900x4.jpg',NULL),(4,4,'img/ao-so-mi-nam-aristino-ASS388S2-02x900x900x4.jpg','img/ao-so-mi-nam-aristino-ASS388S2-03x900x900x4.jpg','img/ao-so-mi-nam-aristino-ASS388S2x900x900x4.jpg','img/ao-so-mi-nam-aristino-ASS388S2-04x900x900x4.jpg',NULL),(5,5,'img/ao-so-mi-nam-aristino-ASS250s2x900x900x4.jpg','img/ao-so-mi-nam-aristino-ASS250s2-01x900x900x4.jpg','img/ao-so-mi-nam-aristino-ASS250s2-05x900x900x4.jpg','img/ao-so-mi-nam-aristino-ASS250s2-03x900x900x4.jpg','img/ao-so-mi-nam-aristino-ASS250s2-02x900x900x4.jpg'),(6,6,'img/ao-so-mi-nam-aristino-ASS223s2-01x900x900x4.jpg','img/ao-so-mi-nam-aristino-ASS223s2x900x900x4.jpg','img/ao-so-mi-nam-aristino-ASS223s2-04x900x900x4.jpg','img/ao-so-mi-nam-aristino-ASS223s2-03x900x900x4.jpg','img/ao-so-mi-nam-aristino-ASS223s2-02x900x900x4.jpg'),(7,7,'img/ao-so-mi-nam-aristino-ASS181s2-01x900x900x4.jpg','img/ao-so-mi-nam-aristino-ASS181s2-02x900x900x4.jpg','img/ao-so-mi-nam-aristino-ASS181s2-03x900x900x4.jpg',NULL,NULL),(8,8,'img/ao-so-mi-nam-aristino-ASS173S2-01x900x900x4.jpg','img/ao-so-mi-nam-aristino-ASS173S2-03x900x900x4.jpg','img/ao-so-mi-nam-aristino-ASS173S2-04x900x900x4.jpg','img/ao-so-mi-nam-aristino-ASS173s2x900x900x4.jpg',NULL),(9,9,'img/ao-so-mi-nam-aristino-ASS099s1-03x900x900x4.jpg','img/ao-so-mi-nam-aristino-ASS099s1x900x900x4.jpg','img/ao-so-mi-nam-aristino-ASS099s1-02x900x900x4.jpg',NULL,NULL),(10,10,'img/ao-so-mi-nam-aristino-ASS364s2-01x900x900x4.jpg','img/ao-so-mi-nam-aristino-ASS364s2-02x900x900x4.jpg','img/ao-so-mi-nam-aristino-ASS364s2-05x900x900x4.jpg','img/ao-so-mi-nam-aristino-ASS364s2-03x900x900x4.jpg','img/ao-so-mi-nam-aristino-ASS364s2-04x900x900x4.jpg'),(11,11,'img/ao-so-mi-nam-aristino-ASS247s2-01x900x900x4.jpg','img/ao-so-mi-nam-aristino-ASS247s2-02x900x900x4.jpg','img/ao-so-mi-nam-aristino-ASS247s2-06x900x900x4.jpg','img/ao-so-mi-nam-aristino-ASS247s2-03x900x900x4.jpg','img/ao-so-mi-nam-aristino-ASS247s2-05x900x900x4.jpg'),(12,12,'img/ao-so-mi-ASS296S2x900x900x4.jpg','img/ao-so-mi-ASS296S2-02x900x900x4.jpg','img/ao-so-mi-ASS296S2-03x900x900x4.jpg','img/ao-so-mi-nam-aristino-ASS296S2-1x900x900x4.jpg',NULL),(13,13,'img/ao-so-mi-nam-aristino-ALS25202-01x900x900x4.jpg','img/ao-so-mi-nam-aristino-ALS25202-02x900x900x4.jpg','img/ao-so-mi-nam-aristino-ALS25202-03x900x900x4.jpg','img/ao-so-mi-nam-aristino-ALS25202-05x900x900x4.jpg','img/ao-so-mi-nam-aristino-ALS25202x900x900x4.jpg'),(14,14,'img/ao-so-mi-aristino-ASS255S2-02x900x900x4.jpg','img/ao-so-mi-aristino-ASS255S2x900x900x4.jpg','img/ao-so-mi-aristino-ASS255S2-03x900x900x4.jpg','img/ao-so-mi-aristino-ASS255S2-04x900x900x4.jpg',NULL),(15,15,'img/ao-so-mi-aristino-ASS243S2-02x900x900x4.jpg','img/ao-so-mi-aristino-ASS243S2x900x900x4.jpg','img/ao-so-mi-aristino-ASS243S2-03x900x900x4.jpg','img/ao-so-mi-aristino-ASS243S2-04x900x900x4.jpg',NULL),(16,16,'img/ao-so-mi-aristino-ASS213S2-02x900x900x4.jpg','img/ao-so-mi-aristino-ASS213S2x900x900x4.jpg','img/ao-so-mi-aristino-ASS213S2-03x900x900x4.jpg','img/ao-so-mi-aristino-ASS213S2-04x900x900x4.jpg',NULL),(17,17,'img/ao-so-mi-aristino-ASS159S1-01x900x900x4.jpg','img/ao-so-mi-aristino-ASS159S1x900x900x4.jpg','img/ao-so-mi-aristino-ASS159S1-03x900x900x4.jpg','img/ao-so-mi-aristino-ASS159S1-04x900x900x4.jpg',NULL),(18,18,'img/ao-so-mi-aristino-ASS101S1-01x900x900x4.jpg','img/ao-so-mi-aristino-ASS101S1-03x900x900x4.jpg','img/ao-so-mi-aristino-ASS101S1x900x900x4.jpg','img/ao-so-mi-aristino-ASS101S1-04x900x900x4.jpg',NULL),(19,19,'img/ao-so-mi-aristino-ALS36002-02x900x900x4.jpg','img/ao-so-mi-aristino-ALS36002-03-ddx900x900x4.jpg','img/ao-so-mi-aristino-ALS36002-04x900x900x4.jpg','img/ao-so-mi-aristino-ALS36002x900x900x4.jpg','img/ao-so-mi-aristino-ALS36002-05x900x900x4.jpg'),(20,20,'img/ao-so-mi-aristino-ALS41202-02x900x900x4.jpg','img/ao-so-mi-aristino-ALS41202x900x900x4.jpg','img/ao-so-mi-aristino-ALS41202-03x900x900x4.jpg','img/ao-so-mi-aristino-ALS41202-04x900x900x4.jpg',NULL),(21,21,'img/ao-so-mi-aristino-ALS41102-02x900x900x4.jpg','img/ao-so-mi-aristino-ALS41102x900x900x4.jpg','img/ao-so-mi-aristino-ALS41102-03x900x900x4.jpg','img/ao-so-mi-aristino-ALS41102-04x900x900x4.jpg',NULL),(22,22,'img/ao-so-mi-aristino-ASS251S2-02x900x900x4.jpg','img/ao-so-mi-aristino-ASS251S2x900x900x4.jpg','img/ao-so-mi-aristino-ASS251S2-03x900x900x4.jpg','img/ao-so-mi-aristino-ASS251S2-04x900x900x4.jpg',NULL),(23,23,'img/ao-khoac-nam-AJK023W1-02x900x900x4.jpg','img/ao-khoac-nam-AJK023W1-04x900x900x4.jpg','img/ao-khoac-nam-AJK023W1-01x900x900x4.jpg',NULL,NULL),(24,24,'img/ao-khoac-nam-AJK026W1-02x900x900x4.jpg','img/ao-khoac-nam-AJK026W1-01x900x900x4.jpg','img/ao-khoac-nam-AJK026W1-03x900x900x4.jpg','img/ao-khoac-nam-AJK026W1-12x900x900x4.jpg',NULL),(25,25,'img/ao-khoac-nam-AJK016W1-01x900x900x4.jpg','img/ao-khoac-nam-AJK016W1x900x900x4.jpg','img/ao-khoac-nam-AJK016W1-11x900x900x4.jpg',NULL,NULL),(26,26,'img/ao-khoac-nam-aristino-AJK018W1-09x900x900x4.jpg','img/ao-khoac-nam-aristino-AJK018W1-11x900x900x4.jpg','img/ao-khoac-nam-aristino-AJK018W1-08x900x900x4.jpg',NULL,NULL),(27,27,'img/ao-khoac-nam-aristino-AJK024W1-03x900x900x4.jpg','img/ao-khoac-nam-aristino-AJK024W1-01x900x900x4.jpg','img/ao-khoac-nam-aristino-AJK024W1x900x900x4.jpg','img/ao-khoac-nam-aristino-AJK024W1-02x900x900x4.jpg','img/ao-khoac-nam-aristino-AJK024W1-05x900x900x4.jpg'),(28,28,'img/ao-khoac-nam-aristino-AJK006W1-13x900x900x4.jpg','img/ao-khoac-nam-aristino-AJK006W1-15x900x900x4.jpg','img/ao-khoac-nam-aristino-AJK006W1-12x900x900x4.jpg',NULL,NULL),(29,29,'img/ao-khoac-nam-aristino-AJK001W9x900x900x4.jpg','img/ao-khoac-nam-aristino-AJK001W9-01x900x900x4.jpg','img/ao-khoac-nam-aristino-AJK001W9-02x900x900x4.jpg','img/ao-khoac-nam-aristino-AJK001W9-21x900x900x4.jpg',NULL),(30,30,'img/ao-khoac-nam-aristino-AJKG01W9-14x900x900x4.jpg','img/ao-khoac-nam-aristino-AJKG01W9-15x900x900x4.jpg','img/ao-khoac-nam-aristino-AJKG01W9-16x900x900x4.jpg','img/ao-khoac-nam-aristino-AJKG01W9-17x900x900x4.jpg','img/ao-khoac-nam-aristino-AJKG01W9-12x900x900x4.jpg'),(31,31,'img/ao-khoac-nam-aristino-AJK027W9x900x900x4.jpg','img/ao-khoac-nam-aristino-AJK027W9-05x900x900x4.jpg','img/ao-khoac-nam-aristino-AJK027W9-02x900x900x4.jpg','img/ao-khoac-nam-aristino-AJK027W9-03x900x900x4.jpg','img/ao-khoac-nam-aristino-AJK027W9-04x900x900x4.jpg'),(32,32,'img/ao-khoac-nam-aristino-AJK003W9-07x900x900x4.jpg','img/ao-khoac-nam-aristino-AJK003W9-06x900x900x4.jpg','img/ao-khoac-nam-aristino-AJK003W9-05x900x900x4.jpg','img/ao-khoac-nam-aristino-AJK003W9-04x900x900x4.jpg','img/ao-khoac-nam-aristino-AJK003W9-03x900x900x4.jpg'),(33,33,'img/ao-khoac-nam-aristino-AJK004W9-08x900x900x4.jpg','img/ao-khoac-nam-aristino-AJK004W9-07x900x900x4.jpg','img/ao-khoac-nam-aristino-AJK004W9-10x900x900x4.jpg','img/ao-khoac-nam-aristino-AJK004W9-11x900x900x4.jpg',NULL),(34,34,'img/ao-khoac-nam-aristino-AJK002W9-03x900x900x4.jpg','img/ao-khoac-nam-aristino-AJK002W9-02x900x900x4.jpg','img/ao-khoac-nam-aristino-AJK002W9-01x900x900x4.jpg','img/ao-khoac-nam-aristino-AJK002W9-05x900x900x4.jpg','img/ao-khoac-nam-aristino-AJK002W9x900x900x4.jpg'),(35,35,'img/ao-khoac-nam-aristino-AJK007W9-08x900x900x4.jpg','img/ao-khoac-nam-aristino-AJK007W9-07x900x900x4.jpg','img/ao-khoac-nam-aristino-AJK007W9-06x900x900x4.jpg','img/ao-khoac-nam-aristino-AJK007W9-05x900x900x4.jpg','img/ao-khoac-nam-aristino-AJK007W9-04x900x900x4.jpg'),(36,36,'imgao-khoac-nam-aristino-AJK010W8-05x900x900x4/.jpg','img/ao-khoac-nam-aristino-AJK010W8-07x900x900x4.jpg','img/ao-khoac-nam-aristino-AJK010W8-06x900x900x4.jpg',NULL,NULL),(37,37,'img/ao-khoac-nam-aristino-AJK001W9-19x900x900x4.jpg','img/ao-khoac-nam-aristino-AJK001W9-20x900x900x4.jpg','img/ao-khoac-nam-aristino-AJK001W9-17x900x900x4.jpg',NULL,NULL),(38,38,'img/ao-thun-giu-nhiet-aristino-ALT022W1x900x900x4.jpg','img/ao-thun-giu-nhiet-aristino-ALT022W1-10x900x900x4.jpg','img/ao-thun-giu-nhiet-aristino-ALT022W1-08x900x900x4.jpg',NULL,NULL),(39,39,'img/ao-thu-dong-aristino-ALPG02W1-01x900x900x4.jpg',NULL,NULL,NULL,NULL),(40,40,'img/ao-thu-dong-aristino-ALPG03W1-05x900x900x4.jpg',NULL,NULL,NULL,NULL),(41,41,'img/ao-thu-dong-aristino-ASW022W1-07x900x900x4.jpg','img/ao-thu-dong-aristino-ASW022W1x900x900x4.jpg','img/ao-thu-dong-aristino-ASW022W1-05x900x900x4.jpg',NULL,NULL),(42,42,'img/ao-thu-dong-aristino-ASW016W1-06x900x900x4.jpg','img/ao-thu-dong-aristino-ASW016W1-03x900x900x4.jpg','img/ao-thu-dong-aristino-ASW016W1-04x900x900x4.jpg',NULL,NULL),(43,43,'img/ao-thun-dai-tay-aristino-ALT019W1-08x900x900x4.jpg','img/ao-thun-dai-tay-aristino-ALT019W1-06x900x900x4.jpg','img/ao-thun-dai-tay-aristino-ALT019W1-09x900x900x4.jpg','img/ao-thun-dai-tay-aristino-ALT019W1-05x900x900x4.jpg',NULL),(44,44,'img/ao-thu-dong-aristino-ALPG01W1-01x900x900x4.jpg',NULL,NULL,NULL,NULL),(45,45,'img/ao-thu-dong-aristino-ASW023W1-01x900x900x4.jpg','img/ao-thu-dong-aristino-ASW023W1-02x900x900x4.jpg','img/ao-thu-dong-aristino-ASW023W1-11x900x900x4.jpg',NULL,NULL),(46,46,'img/ao-thun-dai-tay-aristino-ALT020W1-05x900x900x4.jpg','img/ao-thun-dai-tay-aristino-ALT020W1-07x900x900x4.jpg','img/ao-thun-dai-tay-aristino-ALT020W1-08x900x900x4.jpg','img/ao-thun-dai-tay-aristino-ALT020W1-09x900x900x4.jpg','img/ao-thun-dai-tay-aristino-ALT020W1-04x900x900x4.jpg'),(47,47,'img/ao-thun-dai-tay-aristino-ALT011W1-10x900x900x4.jpg','img/ao-thun-dai-tay-aristino-ALT011W1-07x900x900x4.jpg','img/ao-thun-dai-tay-aristino-ALT011W1-08x900x900x4.jpg',NULL,NULL),(48,48,'img/ao-thu-dong-aristino-ASWR02-12x900x900x4.jpg','img/ao-thu-dong-aristino-ASWR02-13x900x900x4.jpg','img/ao-thu-dong-aristino-ASWR02-09x900x900x4.jpg','img/ao-thu-dong-aristino-ASWR02-08x900x900x4.jpg','img/ao-thu-dong-aristino-ASWR02-14x900x900x4.jpg'),(49,49,'img/ao-thu-dong-aristino-ASW018W1-08x900x900x4.jpg','img/ao-thu-dong-aristino-ASW018W1-10x900x900x4.jpg','img/ao-thu-dong-aristino-ASW018W1-07x900x900x4.jpg',NULL,NULL),(50,50,'img/ao-thun-dai-tay-aristino-ALT010W1-02x900x900x4.jpg','img/ao-thun-dai-tay-aristino-ALT010W1-03x900x900x4.jpg','img/ao-thun-dai-tay-aristino-ALT010W1x900x900x4.jpg','img/ao-thun-dai-tay-aristino-ALT010W1-04x900x900x4.jpg','img/ao-thun-dai-tay-aristino-ALT010W1-19x900x900x4.jpg'),(51,51,'img/ao-thu-dong-aristino-ASW006W1-06x900x900x4.jpg','img/ao-thu-dong-aristino-ASW006W1-05x900x900x4.jpg','img/ao-thu-dong-aristino-ASW006W1-08x900x900x4.jpg','img/ao-thu-dong-aristino-ASW006W1-04x900x900x4.jpg',NULL),(52,52,'img/ao-thun-dai-tay-aristino-ALT004W1-05x900x900x4.jpg','img/ao-thun-dai-tay-aristino-ALT004W1-07x900x900x4.jpg','img/ao-thun-dai-tay-aristino-ALT004W1-08x900x900x4.jpg','img/ao-thun-dai-tay-aristino-ALT004W1-04x900x900x4.jpg',NULL),(53,53,'img/ao-thun-dai-tay-aristino-ALPG14W9-02x900x900x4.jpg','img/ao-thun-dai-tay-aristino-ALPG14W9x900x900x4.jpg','img/ao-thun-dai-tay-aristino-ALPG14W9-14x900x900x4.jpg','img/ao-thun-dai-tay-aristino-ALPG14W9-04x900x900x4.jpg','img/ao-thun-dai-tay-aristino-ALPG14W9-05x900x900x4.jpg'),(54,54,'img/ao-thu-dong-nam-aristino-ASW010W9-02x900x900x4.jpg','img/ao-thu-dong-nam-aristino-ASW010W9-09x900x900x4.jpg','img/ao-thu-dong-nam-aristino-ASW010W9x900x900x4.jpg','img/ao-thu-dong-nam-aristino-ASW010W9-04x900x900x4.jpg','img/ao-thu-dong-nam-aristino-ASW010W9-03x900x900x4.jpg'),(55,55,'img/ao-thu-dong-nam-aristino-ASW004W9-10x900x900x4.jpg','img/ao-thu-dong-nam-aristino-ASW004W9-09x900x900x4.jpg','img/ao-thu-dong-nam-aristino-ASW004W9-08x900x900x4.jpg','img/ao-thu-dong-nam-aristino-ASW004W9-07x900x900x4.jpg',NULL),(56,56,'img/ao-thun-dai-tay-ALTR05-15x900x900x4.jpg','img/ao-thun-dai-tay-ALTR05-14x900x900x4.jpg','img/ao-thun-dai-tay-ALTR05-17x900x900x4.jpg','img/ao-thun-dai-tay-ALTR05-18x900x900x4.jpg','img/ao-thun-dai-tay-ALTR05-13x900x900x4.jpg'),(57,57,'img/ao-thu-dong-nam-aristino-ALT002W9-07x900x900x4.jpg','img/ao-thu-dong-nam-aristino-ALT002W9-08x900x900x4.jpg','img/ao-thu-dong-nam-aristino-ALT002W9x900x900x4.jpg','img/ao-thu-dong-nam-aristino-ALT002W9-06x900x900x4.jpg',NULL),(58,58,'img/ao-thu-dong-nam-aristino-ASW009W9-07x900x900x4.jpg','img/ao-thu-dong-nam-aristino-ASW009W9-08x900x900x4.jpg','img/ao-thu-dong-nam-aristino-ASW009W9-06x900x900x4.jpg','img/ao-thu-dong-nam-aristino-ASW009W9-09x900x900x4.jpg',NULL),(59,59,'img/ao-thu-dong-nam-aristino-ASW005W9-03x900x900x4.jpg','img/ao-thu-dong-nam-aristino-ASW005W9-02x900x900x4.jpg','img/ao-thu-dong-nam-aristino-ASW005W9-01x900x900x4.jpg',NULL,NULL),(60,60,'img/ao-thun-dai-tay-aristino-ALTR06-12x900x900x4.jpg','img/ao-thun-dai-tay-aristino-ALTR06-11x900x900x4.jpg','img/ao-thun-dai-tay-aristino-ALTR06-10x900x900x4.jpg','img/ao-thun-dai-tay-aristino-ALTR06-09x900x900x4.jpg',NULL),(61,61,'img/quan-au-nam-aristino-ATR00202-02x900x900x4.jpg','img/quan-au-nam-aristino-ATR00202-03x900x900x4.jpg','img/quan-au-nam-aristino-ATR00202x900x900x4.jpg','img/quan-au-nam-aristino-ATR00202-04x900x900x4.jpg',NULL),(62,62,'img/quan-au-nam-aristino-ATR02101-01x900x900x4.jpg','img/quan-au-nam-aristino-ATR02101-02x900x900x4.jpg','img/quan-au-nam-aristino-ATR02101-03x900x900x4.jpg','img/quan-au-nam-aristino-ATR02101x900x900x4.jpg',NULL),(63,63,'img/quan-au-nam-ATR00301-06x900x900x4.jpg','img/quan-au-nam-ATR00301-04x900x900x4.jpg','img/quan-au-nam-ATR00301-07x900x900x4.jpg','img/quan-au-nam-ATR00301-03x900x900x4.jpg',NULL),(64,64,'img/quan-au-nam-aristino-ATR03001-01x900x900x4.jpg','img/quan-au-nam-aristino-ATR03001x900x900x4.jpg','img/quan-au-nam-aristino-ATR03001-03x900x900x4.jpg','img/quan-au-nam-aristino-ATR03001-04x900x900x4.jpg','img/quan-au-nam-aristino-ATR03001-05x900x900x4.jpg'),(65,65,'img/quan-au-nam-aristino-ATR01001-01x900x900x4.jpg','img/quan-au-nam-aristino-ATR01001x900x900x4.jpg','img/quan-au-nam-aristino-ATR01001-13x900x900x4.jpg',NULL,NULL),(66,66,'img/quan-au-nam-aristino-ATR01701-13x900x900x4.jpg','img/quan-au-nam-aristino-ATR01701-11x900x900x4.jpg','img/quan-au-nam-aristino-ATR01701-09x900x900x4.jpg','img/quan-au-nam-aristino-ATR01701-08x900x900x4.jpg','img/quan-au-nam-aristino-ATR01701-10x900x900x4.jpg'),(67,67,'img/quan-au-aristino-ATRR08-07x900x900x4.jpg','img/quan-au-aristino-ATRR08-06x900x900x4.jpg','img/quan-au-aristino-ATRR08-05x900x900x4.jpg','img/quan-au-aristino-ATRR08-04x900x900x4.jpg','img/quan-au-aristino-ATRR08-03x900x900x4.jpg'),(68,68,'img/quan-au-nam-aristino-ATR03709-06x900x900x4.jpg','img/quan-au-nam-aristino-ATR03709-07x900x900x4.jpg',NULL,NULL,NULL),(69,69,'img/quan-au-nam-aristino-ATRR04-03x900x900x4.jpg','img/quan-au-nam-aristino-ATRR04-02x900x900x4.jpg','img/quan-au-nam-aristino-ATRR04-01x900x900x4.jpg','img/quan-au-nam-aristino-ATRR04x900x900x4.jpg',NULL),(70,70,'img/quan-au-nam-aristino-ATRR06x900x900x4.jpg',NULL,NULL,NULL,NULL),(71,71,'img/quan-au-nam-aristino-ATRR0109-14x900x900x4.jpg','img/quan-au-nam-aristino-ATRR0109-13x900x900x4.jpg','img/quan-au-nam-aristino-ATRR0109-12x900x900x4.jpg',NULL,NULL),(72,72,'img/quan-au-aristino-ATR05009-03x900x900x4.jpg','img/quan-au-aristino-ATR05009-13x900x900x4.jpg','img/quan-au-aristino-ATR05009x900x900x4.jpg',NULL,NULL),(73,73,'img/quan-kaki-nam-AKKR03-11x900x900x4.jpg','img/quan-kaki-nam-AKKR03-14x900x900x4.jpg','img/quan-kaki-nam-AKKR03-13x900x900x4.jpg',NULL,NULL),(74,74,'img/quan-kaki-nam-aristino-AKKR01-21x900x900x4.jpg','img/quan-kaki-nam-aristino-AKKR01-20x900x900x4.jpg','img/quan-kaki-nam-aristino-AKKR01-18x900x900x4.jpg','img/quan-kaki-nam-aristino-AKKR01x900x900x4.jpg','img/quan-kaki-nam-aristino-AKKR01-19x900x900x4.jpg'),(75,75,'img/quan-kaki-nam-aristino-AKKR04-02x900x900x4.jpg','img/quan-kaki-nam-aristino-AKKR04x900x900x4.jpg','img/quan-kaki-nam-aristino-AKKR04-14x900x900x4.jpg',NULL,NULL),(76,76,'img/quan-kaki-nam-aristino-AKKR03-09x900x900x4.jpg','img/quan-kaki-nam-aristino-AKKR03-08x900x900x4.jpg','img/quan-kaki-nam-aristino-AKKR03-07x900x900x4.jpg',NULL,NULL),(77,77,'img/quan-kaki-nam-aristino-AKK00108-10x900x900x4.jpg','img/quan-kaki-nam-aristino-AKK00108-08x900x900x4.jpg','img/quan-kaki-nam-aristino-AKK00108-09x900x900x4.jpg',NULL,NULL),(78,78,'img/quan-kaki-nam-aristino-AKK00708-14x900x900x4.jpg','img/quan-kaki-nam-aristino-AKK00708-13x900x900x4.jpg','img/quan-kaki-nam-aristino-AKK00708-12x900x900x4.jpg',NULL,NULL),(79,79,'img/quan-kaki-nam-aristino-AKK02307-03x900x900x4.jpg','img/quan-kaki-nam-aristino-AKK02307-02x900x900x4.jpg',NULL,NULL,NULL),(80,80,'img/quan-kaki-nam-aristino-AKK02107-02x900x900x4.jpg','img/quan-kaki-nam-aristino-AKK02107-03x900x900x4.jpg',NULL,NULL,NULL),(81,81,NULL,NULL,NULL,NULL,NULL),(82,82,'img/quan-kaki-nam-aristino-AKKR02-13x900x900x4.jpg','img/quan-kaki-nam-aristino-AKKR02-12x900x900x4.jpg','img/quan-kaki-nam-aristino-AKKR02-11x900x900x4.jpg',NULL,NULL),(83,83,'img/quan-kaki-nam-aristino-AKK00208-14x900x900x4.jpg','img/quan-kaki-nam-aristino-AKK00208-12x900x900x4.jpg','img/quan-kaki-nam-aristino-AKK00208-13x900x900x4.jpg',NULL,NULL),(84,84,'img/quan-kaki-nam-aristino-AKKR0108x900x900x4.jpg','img/quan-kaki-nam-aristino-AKKR0108-02x900x900x4.jpg','img/quan-kaki-nam-aristino-AKKR0108-01x900x900x4.jpg',NULL,NULL),(85,85,NULL,NULL,NULL,NULL,NULL);
/*!40000 ALTER TABLE `anhchitiet` ENABLE KEYS */;
UNLOCK TABLES;

--
-- Table structure for table `banner`
--

DROP TABLE IF EXISTS `banner`;
/*!40101 SET @saved_cs_client     = @@character_set_client */;
/*!50503 SET character_set_client = utf8mb4 */;
CREATE TABLE `banner` (
  `id_bn` int NOT NULL AUTO_INCREMENT,
  `banner` varchar(1000) DEFAULT NULL,
  PRIMARY KEY (`id_bn`)
) ENGINE=InnoDB AUTO_INCREMENT=12 DEFAULT CHARSET=utf8mb4 COLLATE=utf8mb4_0900_ai_ci;
/*!40101 SET character_set_client = @saved_cs_client */;

--
-- Dumping data for table `banner`
--

LOCK TABLES `banner` WRITE;
/*!40000 ALTER TABLE `banner` DISABLE KEYS */;
INSERT INTO `banner` VALUES (1,'img/banner-chong-dich.jpg'),(2,'img/khai-truong-tphcm.jpg'),(3,'img/banner-chong-dich-1x0x0x2.png'),(4,'img/cua-hang-quan-ao-nam.jpg'),(5,'img/quan-ao-nam-ava-780x470.jpg'),(6,'img/h2t-314177.jpg'),(7,'img/category-4.jpg'),(8,'img/category-5.jpg'),(9,'img/category-6.jpg'),(10,'img/category-7.jpg'),(11,'img/8e5b3c464bec6364da2c46a53e33129a.jpg');
/*!40000 ALTER TABLE `banner` ENABLE KEYS */;
UNLOCK TABLES;

--
-- Table structure for table `binhluan`
--

DROP TABLE IF EXISTS `binhluan`;
/*!40101 SET @saved_cs_client     = @@character_set_client */;
/*!50503 SET character_set_client = utf8mb4 */;
CREATE TABLE `binhluan` (
  `id_bl` int NOT NULL AUTO_INCREMENT,
  `id_tk` int DEFAULT NULL,
  `id_sp` int NOT NULL,
  `hoten` varchar(200) DEFAULT NULL,
  `email` varchar(500) DEFAULT NULL,
  `noidung` varchar(1000) DEFAULT NULL,
  `ngaybl` date DEFAULT NULL,
  PRIMARY KEY (`id_bl`),
  KEY `FK_id_tk1` (`id_tk`),
  KEY `FK_id_sp` (`id_sp`),
  CONSTRAINT `FK_id_sp` FOREIGN KEY (`id_sp`) REFERENCES `sanpham` (`id_sp`),
  CONSTRAINT `FK_id_tk1` FOREIGN KEY (`id_tk`) REFERENCES `taikhoan` (`id_tk`)
) ENGINE=InnoDB AUTO_INCREMENT=11 DEFAULT CHARSET=utf8mb4 COLLATE=utf8mb4_0900_ai_ci;
/*!40101 SET character_set_client = @saved_cs_client */;

--
-- Dumping data for table `binhluan`
--

LOCK TABLES `binhluan` WRITE;
/*!40000 ALTER TABLE `binhluan` DISABLE KEYS */;
/*!40000 ALTER TABLE `binhluan` ENABLE KEYS */;
UNLOCK TABLES;

--
-- Table structure for table `chitietdh`
--

DROP TABLE IF EXISTS `chitietdh`;
/*!40101 SET @saved_cs_client     = @@character_set_client */;
/*!50503 SET character_set_client = utf8mb4 */;
CREATE TABLE `chitietdh` (
  `id_dh` int NOT NULL,
  `id_sp` int NOT NULL,
  `id_kc` int NOT NULL,
  `soluong` int DEFAULT NULL,
  `tonggia` int DEFAULT NULL,
  KEY `id_dh` (`id_dh`),
  KEY `id_sp` (`id_sp`),
  KEY `id_kc` (`id_kc`),
  CONSTRAINT `chitietdh_ibfk_1` FOREIGN KEY (`id_dh`) REFERENCES `donhang` (`id_dh`),
  CONSTRAINT `chitietdh_ibfk_2` FOREIGN KEY (`id_sp`) REFERENCES `sanpham` (`id_sp`),
  CONSTRAINT `chitietdh_ibfk_3` FOREIGN KEY (`id_kc`) REFERENCES `kichco` (`id_kc`)
) ENGINE=InnoDB DEFAULT CHARSET=utf8mb4 COLLATE=utf8mb4_0900_ai_ci;
/*!40101 SET character_set_client = @saved_cs_client */;

--
-- Dumping data for table `chitietdh`
--

LOCK TABLES `chitietdh` WRITE;
/*!40000 ALTER TABLE `chitietdh` DISABLE KEYS */;
/*!40000 ALTER TABLE `chitietdh` ENABLE KEYS */;
UNLOCK TABLES;

--
-- Table structure for table `danhmuc`
--

DROP TABLE IF EXISTS `danhmuc`;
/*!40101 SET @saved_cs_client     = @@character_set_client */;
/*!50503 SET character_set_client = utf8mb4 */;
CREATE TABLE `danhmuc` (
  `id_dm` int NOT NULL AUTO_INCREMENT,
  `tendm` varchar(255) DEFAULT NULL,
  PRIMARY KEY (`id_dm`)
) ENGINE=InnoDB AUTO_INCREMENT=7 DEFAULT CHARSET=utf8mb4 COLLATE=utf8mb4_0900_ai_ci;
/*!40101 SET character_set_client = @saved_cs_client */;

--
-- Dumping data for table `danhmuc`
--

LOCK TABLES `danhmuc` WRITE;
/*!40000 ALTER TABLE `danhmuc` DISABLE KEYS */;
INSERT INTO `danhmuc` VALUES (1,'Áo sơ mi'),(2,'Áo khoác'),(3,'Áo thun dài tay'),(4,'Quần âu'),(5,'Quần kaki');
/*!40000 ALTER TABLE `danhmuc` ENABLE KEYS */;
UNLOCK TABLES;

--
-- Table structure for table `donhang`
--

DROP TABLE IF EXISTS `donhang`;
/*!40101 SET @saved_cs_client     = @@character_set_client */;
/*!50503 SET character_set_client = utf8mb4 */;
CREATE TABLE `donhang` (
  `id_dh` int NOT NULL AUTO_INCREMENT,
  `id_kh` int NOT NULL,
  `id_tr` int NOT NULL,
  `tongtien` int DEFAULT NULL,
  `ngaydat` datetime DEFAULT NULL,
  PRIMARY KEY (`id_dh`),
  KEY `id_kh` (`id_kh`),
  KEY `id_tr` (`id_tr`),
  CONSTRAINT `donhang_ibfk_1` FOREIGN KEY (`id_kh`) REFERENCES `khachhang` (`id_kh`),
  CONSTRAINT `donhang_ibfk_2` FOREIGN KEY (`id_tr`) REFERENCES `tinhtrangdh` (`id_tr`)
) ENGINE=InnoDB AUTO_INCREMENT=31 DEFAULT CHARSET=utf8mb4 COLLATE=utf8mb4_0900_ai_ci;
/*!40101 SET character_set_client = @saved_cs_client */;

--
-- Dumping data for table `donhang`
--

LOCK TABLES `donhang` WRITE;
/*!40000 ALTER TABLE `donhang` DISABLE KEYS */;
/*!40000 ALTER TABLE `donhang` ENABLE KEYS */;
UNLOCK TABLES;

--
-- Table structure for table `khachhang`
--

DROP TABLE IF EXISTS `khachhang`;
/*!40101 SET @saved_cs_client     = @@character_set_client */;
/*!50503 SET character_set_client = utf8mb4 */;
CREATE TABLE `khachhang` (
  `id_kh` int NOT NULL AUTO_INCREMENT,
  `id_tk` int DEFAULT NULL,
  `ho` varchar(100) DEFAULT NULL,
  `ten` varchar(100) DEFAULT NULL,
  `email` varchar(500) DEFAULT NULL,
  `sdt` bigint DEFAULT NULL,
  `diachi` varchar(1000) DEFAULT NULL,
  PRIMARY KEY (`id_kh`),
  KEY `FK_id_tk` (`id_tk`),
  CONSTRAINT `FK_id_tk` FOREIGN KEY (`id_tk`) REFERENCES `taikhoan` (`id_tk`)
) ENGINE=InnoDB AUTO_INCREMENT=15 DEFAULT CHARSET=utf8mb4 COLLATE=utf8mb4_0900_ai_ci;
/*!40101 SET character_set_client = @saved_cs_client */;

--
-- Dumping data for table `khachhang`
--

LOCK TABLES `khachhang` WRITE;
/*!40000 ALTER TABLE `khachhang` DISABLE KEYS */;
INSERT INTO `khachhang` VALUES (1,1,'ho','ten','bvfh@gmail.com',23456789011,'cxnbvcb'),(9,15,'ho1','ten1','asd@gmail.com',12345678901,'asdfgh'),(11,NULL,'ho2','ten2','asd1@gmail.com',12345678901,'dvxcvcv'),(12,NULL,'ho2','ten2','asd1@gmail.com',12345678901,'dvxcvcv'),(13,NULL,'ho2','ten2','asd1@gmail.com',12345678901,'dvxcvcv'),(14,16,'ho1','ten1','asd@gmail.com',12345678901,'asdfgh');
/*!40000 ALTER TABLE `khachhang` ENABLE KEYS */;
UNLOCK TABLES;

--
-- Table structure for table `kichco`
--

DROP TABLE IF EXISTS `kichco`;
/*!40101 SET @saved_cs_client     = @@character_set_client */;
/*!50503 SET character_set_client = utf8mb4 */;
CREATE TABLE `kichco` (
  `id_kc` int NOT NULL AUTO_INCREMENT,
  `kichco` varchar(10) DEFAULT NULL,
  PRIMARY KEY (`id_kc`)
) ENGINE=InnoDB AUTO_INCREMENT=19 DEFAULT CHARSET=utf8mb4 COLLATE=utf8mb4_0900_ai_ci;
/*!40101 SET character_set_client = @saved_cs_client */;

--
-- Dumping data for table `kichco`
--

LOCK TABLES `kichco` WRITE;
/*!40000 ALTER TABLE `kichco` DISABLE KEYS */;
INSERT INTO `kichco` VALUES (1,'29'),(2,'30'),(3,'31'),(4,'32'),(5,'33'),(6,'34'),(7,'35'),(8,'38'),(9,'39'),(10,'40'),(11,'41'),(12,'42'),(13,'43'),(14,'S'),(15,'M'),(16,'L'),(17,'XL'),(18,'XXL');
/*!40000 ALTER TABLE `kichco` ENABLE KEYS */;
UNLOCK TABLES;

--
-- Table structure for table `sanpham`
--

DROP TABLE IF EXISTS `sanpham`;
/*!40101 SET @saved_cs_client     = @@character_set_client */;
/*!50503 SET character_set_client = utf8mb4 */;
CREATE TABLE `sanpham` (
  `id_sp` int NOT NULL AUTO_INCREMENT,
  `id_dm` int NOT NULL,
  `tensp` varchar(255) DEFAULT NULL,
  `anhmh` varchar(255) DEFAULT NULL,
  `gia` int DEFAULT NULL,
  `sale` int DEFAULT NULL,
  `giasale` int DEFAULT NULL,
  `daban` int DEFAULT NULL,
  `mausac` varchar(255) DEFAULT NULL,
  `chitiet` varchar(1000) DEFAULT NULL,
  `chatlieu` varchar(1000) DEFAULT NULL,
  `ngaynhap` date DEFAULT NULL,
  PRIMARY KEY (`id_sp`),
  KEY `id_dm` (`id_dm`),
  CONSTRAINT `sanpham_ibfk_1` FOREIGN KEY (`id_dm`) REFERENCES `danhmuc` (`id_dm`)
) ENGINE=InnoDB AUTO_INCREMENT=90 DEFAULT CHARSET=utf8mb4 COLLATE=utf8mb4_0900_ai_ci;
/*!40101 SET character_set_client = @saved_cs_client */;

--
-- Dumping data for table `sanpham`
--

LOCK TABLES `sanpham` WRITE;
/*!40000 ALTER TABLE `sanpham` DISABLE KEYS */;
INSERT INTO `sanpham` VALUES (1,1,'Áo sơ mi ngắn tay nam Aristino ASS212S2','img/ao-so-mi-nam-aristino-ASS212S2-02x500x500x4.jpg',695000,45,382250,123,'Hồng kẻ xanh','- Áo sơ mi ngắn tay phom Slim fit ôm vừa vặn cơ thể, tôn dáng người mặc.<br>- Áo thiết kế tà lượn, không túi, hiệu ứng kẻ caro xanh hồng trẻ trung, thời thượng tạo nên diện mạo nổi bật và lịch lãm cho các quý ông.','- 50% Bamboo mang đến sự thoáng mát, thấm hút tốt.<br>- 50% Polyspun giúp áo có khả năng đàn hồi tự nhiên và ít nhăn co trong suốt quá trình sử dụng.','2021-01-20'),(2,1,'Áo sơ mi ngắn tay nam Aristino ASS140S1','img/ao-so-mi-nam-aristino-ASS140S1-01x500x500x4.jpg',750000,50,375000,110,'Trắng in họa tiết xanh','- Áo sơ mi ngắn tay phom Perfect fit suông rộng mặc thả ngoài mà vẫn đảm bảo độ lịch sự chỉn chu cho người mặc.<br>- Thiết kế basic với tà bằng thoải mái và túi ngực tiện lợi. Cổ áo đứng dáng chỉn chu cùng đường may tỉ mỉ đến từng chi tiết. Màu trắng lịch lãm kết hợp in họa tiết xanh trên thân áo giúp diện mạo thêm phần trẻ trung và nổi bật.','- 50% Modal giúp áo mềm mại và thấm hút tốt.<br>- 50% Polyspun mang đến khả năng đàn hồi tự nhiên và ít nhăn co trong suốt quá trình sử dụng.','2021-03-05'),(3,1,'Áo sơ mi ngắn tay nam Aristino ASS410S2','img/ao-so-mi-nam-aristino-ASS410S2-01x900x900x4.jpg',695000,0,695000,37,'Xanh tím than in','- Áo sơ mi ngắn tay phom Perfect fit suông rộng mặc thả ngoài mà vẫn đảm bảo độ lịch sự chỉn chu cho người mặc.<br>- Thiết kế basic với tà bằng thoải mái và có túi ngực tiện lợi. Cổ áo đứng dáng chỉn chu cùng đường may tỉ mỉ đến từng chi tiết. Màu xanh tím than kết hợp in họa tiết tràn thân áo giúp diện mạo thêm phần trẻ trung và nổi bật.','- 49% Bamboo từ sợi tre thiên nhiên mang đến sự thoáng mát, thấm hút tốt và tạo cảm giác thoải mái.<br>- 48% Polyspun giúp tiết kiệm tối đa thời gian cho chuyện là ủi nhờ khả năng đàn hồi tự nhiên và ít nhăn co trong suốt quá trình sử dụng.<br>- 3% Spandex tạo độ co giãn nhẹ.','2021-11-14'),(4,1,'Áo sơ mi ngắn tay nam Aristino ASS388S2','img/ao-so-mi-nam-aristino-ASS388S2-01x900x900x4.jpg',725000,13,630750,45,'Trắng kẻ nâu','- Áo sơ mi ngắn tay phom Slim fit ôm vừa vặn cơ thể, tôn dáng người mặc.<br>- Áo thiết kế tà lượn, không túi, màu trắng kẻ nâu trẻ trung, độc đáo tạo nên diện mạo nổi bật và lịch lãm cho các quý ông.','- 50% Bamboo mang đến sự thoáng mát, thấm hút tốt.<br>- 50% Polyspun giúp áo có khả năng đàn hồi tự nhiên và ít nhăn co trong suốt quá trình sử dụng.','2021-12-01'),(5,1,'Áo sơ mi ngắn tay Aristino ASS250S2','img/ao-so-mi-nam-aristino-ASS250s2-04x900x900x4.jpg',650000,0,650000,67,'Trắng in xanh','- Áo sơ mi ngắn tay phom Regular fit suông nhẹ nhưng vẫn đảm bảo vừa vặn, chỉn chu khi mặc.<br>- Thiết kế tà lượn, có túi ngực, nổi bật với họa tiết độc đáo trên nền áo trắng thanh lịch tạo nên diện mạo vừa trẻ trung vừa cuốn hút cho người mặc.','- 50% Bamboo mang đến sự thoáng mát, thấm hút tốt.<br>- 50% Polyspun giúp áo có khả năng đàn hồi tự nhiên và ít nhăn co trong suốt quá trình sử dụng.','2021-02-28'),(6,1,'Áo sơ mi ngắn tay nam Aristino ASS223S2','img/ao-so-mi-nam-aristino-ASS223s2-05x900x900x4.jpg',725000,46,391500,124,'Xanh kẻ trắng','- Áo sơ mi ngắn tay phom Perfect fit suông rộng, tà bằng, độ dài áo vừa phải để mặc thả ngoài trong môi trường công sở.<br>- Áo thiết kế tà bằng, có túi ngực, hiệu ứng kẻ ô xanh trắng nổi bật, đem lại vẻ ngoài trẻ trung nhưng vẫn rất lịch lãm cho người mặc.','- 50% Bamboo mang đến sự thoáng mát, thấm hút tốt.<br>- 50% Polyspun giúp áo có khả năng đàn hồi tự nhiên và ít nhăn co trong suốt quá trình sử dụng.','2021-05-12'),(7,1,'Áo sơ mi ngắn tay nam Aristino ASS181S2','img/ao-so-mi-nam-aristino-ASS181s2x900x900x4.jpg',725000,0,725000,76,'Xanh kẻ trắng','- Áo sơ mi ngắn tay phom Slim fit ôm vừa vặn cơ thể, tôn dáng người mặc.<br>- Áo thiết kế tà lượn, không túi, hiệu ứng kẻ caro xanh trắng thanh lịch, trẻ trung tạo nên diện mạo nổi bật và lịch lãm cho các quý ông.','- 30% Modal từ sợi sồi thiên nhiên cho bề mặt vải mềm mại, nhẹ và thoáng và thấm hút tuyệt vời.<br>- 68% Polyester giúp áo bền màu, sắc nét và độ trơn trượt, mỏng nhẹ.<br>- 2% Spandex, áo có khả năng co giãn nhẹ.','2021-07-31'),(8,1,'Áo sơ mi ngắn tay nam Aristino ASS173S2','img/ao-so-mi-nam-aristino-ASS173S2-02x900x900x4.jpg',750000,10,675000,24,'Trắng in xanh','- Áo sơ mi ngắn tay phom Perfect fit suông rộng.<br>- Áo thiết kế vạt bằng, có túi. Gam màu trắng in xanh loang trẻ trung, tạo điểm nhấn tinh tế trên áo.','- 100% Cotton giúp áo mềm mại, xốp nhẹ và thoáng khí.','2021-10-24'),(9,1,'Áo sơ mi ngắn tay nam Aristino ASS099S1','img/ao-so-mi-nam-aristino-ASS099s1-04x900x900x4.jpg',695000,0,695000,27,'Trắng in dây leo','- Áo sơ mi ngắn tay phom Perfect fit suông rộng mặc thả ngoài mà vẫn đảm bảo độ lịch sự chỉn chu cho người mặc.<br>- Thiết kế tà bằng thoải mái kết hợp túi ngực tiện lợi. Hiệu ứng in tràn họa tiết dây leo trên nền trắng tinh tế lấy cảm hứng từ phố cổ Hà Nội mang đến diện mạo ấn tượng và thu hút cho người mặc.','- Chất liệu 50% Bamboo từ sợi tre thiên nhiên mang đến sự thoáng mát, thấm hút tốt và tạo cảm giác thoải mái.<br>- Kết hợp 50% Polyspun giúp tiết kiệm tối đa thời gian cho chuyện là ủi nhờ khả năng đàn hồi tự nhiên và ít nhăn co trong suốt quá trình sử dụng.','2021-11-17'),(10,1,'Áo sơ mi nam ngắn tay Aristino ASS364S2','img/ao-so-mi-nam-aristino-ASS364s2x900x900x4.jpg',725000,0,725000,46,'Trắng kẻ xám','- Áo sơ mi ngắn tay phom Perfect fit suông rộng, tà bằng, độ dài áo vừa phải để mặc thả ngoài trong môi trường công sở.<br>- Áo thiết kế tà bằng, có túi ngực, màu trắng kẻ caro xám nổi bật, đem lại vẻ ngoài trẻ trung nhưng vẫn rất lịch lãm cho người mặc.','- 50% Bamboo mang đến sự thoáng mát, thấm hút tốt.<br>- 50% Polyspun giúp áo có khả năng đàn hồi tự nhiên và ít nhăn co trong suốt quá trình sử dụng.','2021-06-20'),(11,1,'Áo sơ mi ngắn tay nam Aristino ASS247S2','img/ao-so-mi-nam-aristino-ASS247s2x900x900x4.jpg',695000,24,528200,34,'Xanh tím than in','- Áo sơ mi ngắn tay phom Perfect fit suông rộng, tà bằng, độ dài áo vừa phải để mặc thả ngoài trong môi trường công sở.<br>- Áo thiết kế tà bằng, có túi ngực, màu xanh tím than nam tính kết hợp họa tiết in tràn trên thân áo, đem lại vẻ ngoài trẻ trung nhưng vẫn rất lịch lãm cho người mặc.','- 50% Bamboo mang đến sự thoáng mát, thấm hút tốt.<br>- 50% Polyspun giúp áo có khả năng đàn hồi tự nhiên và ít nhăn co trong suốt quá trình sử dụng.','2021-08-30'),(12,1,'Áo sơ mi ngắn tay nam Aristino ASS296S2','img/ao-so-mi-ASS296S2-01x900x900x4.jpg',695000,87,90350,34,'Xanh tím than in','- Áo sơ mi ngắn tay phom Perfect fit suông nhẹ nhưng vẫn đảm bảo vừa vặn, chỉn chu khi mặc.<br>- Thiết kế tà bằng, có túi ngực, nổi bật với họa tiết độc đáo trên nền xanh tím than, đem lại vẻ ngoài trẻ trung nhưng vẫn rất lịch lãm cho người mặc.','- 50% Bamboo mang đến sự thoáng mát, thấm hút tốt.<br>- 50% Polyspun giúp áo có khả năng đàn hồi tự nhiên và ít nhăn co trong suốt quá trình sử dụng.','2021-03-03'),(13,1,'Áo sơ mi dài tay nam Aristino ALS25202','img/ao-so-mi-nam-aristino-ALS25202-04x900x900x4.jpg',750000,0,750000,78,'Xanh kẻ trắng','- Áo sơ mi dài tay phom Regular fit suông nhẹ nhưng vẫn đảm bảo vừa vặn, chỉn chu khi mặc.<br>- Thiết kế tà lượn, có túi ngực, họa tiết kẻ xanh trắng thời thượng, lịch lãm, trẻ trung mang đến diện mạo cuốn hút cho phái mạnh','- 50% Bamboo mang đến sự thoáng mát, thấm hút tốt.<br>- 50% Polyspun giúp áo có khả năng đàn hồi tự nhiên và ít nhăn co trong suốt quá trình sử dụng.','2021-09-29'),(14,1,'Áo sơ mi ngắn tay nam Aristino ASS255S2','img/ao-so-mi-aristino-ASS255S2-01x900x900x4.jpg',695000,47,368350,78,'Xanh kẻ cam','- Áo sơ mi ngắn tay phom Slim fit ôm vừa vặn nhưng vẫn đảm bảo thoải mái tối đa khi mặc.<br>- Áo thiết kế tà lượn, không túi, màu xanh kẻ cam trẻ trung, độc đáo tạo nên diện mạo nổi bật và lịch lãm cho các quý ông.','- 50% Modal giúp áo mềm mại và thấm hút tốt<br>- 50% Polyspun mang đến khả năng đàn hồi tự nhiên và ít nhăn co trong suốt quá trình sử dụng.','2021-04-09'),(15,1,'Áo sơ mi ngắn tay nam Aristino ASS243S2','img/ao-so-mi-aristino-ASS243S2-01x900x900x4.jpg',750000,12,660000,97,'Xanh kẻ ngang','- Áo sơ mi ngắn tay phom Perfect fit suông rộng mặc thả ngoài mà vẫn đảm bảo độ lịch sự chỉn chu cho người mặc.<br>- Thiết kế basic với tà bằng thoải mái và túi ngực tiện lợi. Cổ áo đứng dáng chỉn chu cùng đường may tỉ mỉ đến từng chi tiết. Màu xanh kẻ ngang giúp diện mạo thêm phần trẻ trung và nổi bật.','80% Polyester cải tiến cho bề mặt vải bóng mịn, sắc nét, giữ phom tốt, hạn chế nhăn nhàu.<br>18% Modal giúp áo mềm mại và thấm hút tốt.<br>2% Spandex giúp áo bền màu, sắc nét và độ trơn trượt, mỏng nhẹ','2021-11-13'),(16,1,'Áo sơ mi nam Aristino ASS213S2','img/ao-so-mi-aristino-ASS213S2-01x900x900x4.jpg',695000,10,625500,37,'Trắng kẻ ngang dệt jacquard','- Áo sơ mi ngắn tay phom Slim fit ôm vừa vặn cơ thể, tôn dáng người mặc.<br>- Áo thiết kế tà lượn, không túi, màu trắng lịch lãm dệt jacquard kẻ ngang đậm - nhạt trên thân áo tạo vẻ ngoài thời trang và nổi bật khi mặc.','57% Microfiber ho bề mặt vải bóng mịn, sắc nét, giữ phom tốt, hạn chế nhăn nhàu.<br>41% Modal giúp áo mềm mại và thấm hút tốt.<br>2% Spandex giúp áo bền màu, sắc nét và độ trơn trượt, mỏng nhẹ','2021-07-12'),(17,1,'Áo sơ mi ngắn tay nam Aristino ASS159S1','img/ao-so-mi-aristino-ASS159S1-02x900x900x4.jpg',695000,0,695000,10,'Trắng kẻ caro xanh','- Áo sơ mi ngắn tay phom Perfect fit suông rộng, tà bằng, độ dài áo vừa phải để mặc thả ngoài trong môi trường công sở.<br>- Áo thiết kế tà bằng, có túi ngực, màu trắng kẻ caro xanh nổi bật, đem lại vẻ ngoài trẻ trung nhưng vẫn rất lịch lãm cho người mặc.','- 50% Bamboo mang đến sự thoáng mát, thấm hút tốt.<br>- 50% Polyspun giúp áo có khả năng đàn hồi tự nhiên và ít nhăn co trong suốt quá trình sử dụng.','2021-05-30'),(18,1,'Áo sơ mi ngắn tay nam Aristino ASS101S1','img/ao-so-mi-aristino-ASS101S1-02x900x900x4.jpg',695000,26,514300,38,'Trắng in họa tiết','- Áo sơ mi ngắn tay phom perfect fit suông rộng mặc thả ngoài mà vẫn đảm bảo độ lịch sự chỉn chu cho người mặc.<br>- Thiết kế basic với tà bằng thoải mái. Cổ áo đứng lịch sự cùng túi ngực tiện lợi. Áo in họa tiết sắc nét trên nền trắng tinh tê mang đến diện mạo thu hút cho người mặc.','- Chất liệu 50% Bamboo từ sợi tre thiên nhiên mang đến sự thoáng mát, thấm hút tốt và tạo cảm giác thoải mái.<br>- Kết hợp 50% Polyspun giúp tiết kiệm tối đa thời gian cho chuyện là ủi nhờ khả năng đàn hồi tự nhiên và ít nhăn co trong suốt quá trình sử dụng.','2021-02-01'),(19,1,'Áo sơ mi dài tay nam Aristino ALS36002','img/ao-so-mi-aristino-ALS36002-01x900x900x4.jpg',950000,6,893000,19,'Trắng dệt dobby','- Áo sơ mi ngắn tay phom Regular fit suông nhẹ nhưng vẫn đảm bảo vừa vặn, chỉn chu khi mặc.<br>- Áo thiết kế tà lượn, có túi, màu xanh nhạt kẻ dobby lịch lãm, giúp diện mạo nổi bật và trẻ trung.','100% Polyester cải tiến cho bề mặt vải bóng mịn, sắc nét, giữ phom tốt, hạn chế nhăn nhàu.','2021-09-18'),(20,1,'Áo sơ mi dài tay nam Aristino ALS41202','img/ao-so-mi-aristino-ALS41202-01x900x900x4.jpg',750000,0,750000,26,'Xanh tím than dobby','- Áo sơ mi dài tay phom Slim fit ôm vừa vặn với cơ thể nhưng vẫn đảm bảo sự thoải mái tối đa khi mặc.<br>- Áo thiết kế tà lượn, không túi, màu xanh tím than kẻ dobby lịch lãm giúp diện mạo người mặc thêm phần tự tin và nổi bật.','- 50% Bamboo từ sợi tre thiên nhiên mang đến sự thoáng mát, thấm hút tốt và tạo cảm giác thoải mái.<br>- 50% Polyester cho bề mặt vải bóng mịn, sắc nét, giữ phom tốt, hạn chế nhăn nhàu.','2021-12-26'),(21,1,'Áo sơ mi dài tay nam Aristino ALS41102','img/ao-so-mi-aristino-ALS41102-01x900x900x4.jpg',850000,0,850000,34,'Xanh tím than kẻ dobby','- Áo sơ mi dài tay phom Regular fit suông nhẹ nhưng vẫn đảm bảo vừa vặn, chỉn chu khi mặc.<br>- Áo thiết kế cơ bản với tà lượn, có túi, màu xanh tím than lịch lãm kế cùng họa tiết hiệu ứng kẻ dobby tạo điểm nhấn ấn tượng cho người mặc.','- 50% Modal giúp áo mềm mại và thấm hút tốt.<br>- 50% Polyester giúp áo bền màu, sắc nét và độ trơn trượt, mỏng nhẹ','2021-04-28'),(22,1,'Áo sơ mi ngắn tay nam Aristino ASS251S2','img/ao-so-mi-aristino-ASS251S2-01x900x900x4.jpg',750000,0,750000,58,'Trắng kẻ xanh tím than','- Áo sơ mi ngắn tay phom Perfect fit suông rộng, tà bằng, độ dài áo vừa phải để mặc thả ngoài trong môi trường công sở.<br>- Áo thiết kế tà bằng, có túi ngực, màu trắng kẻ xanh tím than nam tính, đem lại vẻ ngoài trẻ trung nhưng vẫn rất lịch lãm cho người mặc.','- 50% Modal giúp áo mềm mại và thấm hút tốt<br>- 50% Polyspun mang đến khả năng đàn hồi tự nhiên và ít nhăn co trong suốt quá trình sử dụng.','2021-09-01'),(23,2,'Áo khoác nam Aristino AJK023W1','img/ao-khoac-nam-AJK023W1-03x900x900x4.jpg',1200000,0,1200000,20,'Xám 40MF','- Áo khoác 2 lớp phom Regular fit suông nhẹ, phù hợp với mọi vóc dáng, đem lại cảm giác thoải mái tự tin khi mặc.<br>- Áo thiết kế cổ dựng nam tính, bo tay bo gấu thời trang, thêu chữ ký Aristino trước ngực tạo điểm nhấn tinh tế, thời trang.','- 100% Polyester giúp áo bền màu, sắc nét, mặt vải trơn trượt, mỏng nhẹ. Ngoài ra áo còn có khả năng chống bám bụi, chống nhăn, hạn chế thấm nước, độ bền cao.','2021-08-11'),(24,2,'Áo khoác nam Aristino AJK026W1','img/ao-khoac-nam-AJK026W1x900x900x4.jpg',1600000,0,1600000,64,'Xám 28','- Áo khoác chần bông phom Regular fit suông nhẹ, giữ ấm tuyệt đối, phù hợp với nhiều dáng người.<br>- Áo thiết kế cổ dựng, cắt can thân áo, bo tay, bo gấu, túi khóa tiện lợi, đem lại vẻ ngoài khỏe khoắn và nam tính cho người mặc.','- 100% Polyester giúp áo bền màu, sắc nét, mặt vải trơn trượt, mỏng nhẹ. Ngoài ra áo còn có khả năng chống bám bụi, chống nhăn, hạn chế thấm nước, độ bền cao.','2021-05-18'),(25,2,'Áo khoác nam Aristino AJK016W1','img/ao-khoac-nam-AJK016W1-02x900x900x4.jpg',1350000,79,283500,36,'Đen 1','- Áo khoác 2 lớp phom Regular fit suông vừa, phù hợp với mọi dáng người và dễ kết hợp trang phục.<br>- Áo cổ bomber thời trang, túi áo có khóa, bo tay bo gấu khỏe khoắn, màu sắc trung tính dễ kết hợp trang phục.','- 100% Polyester giúp áo bền màu, sắc nét, mặt vải trơn trượt, mỏng nhẹ. Ngoài ra áo còn có khả năng chống bám bụi, chống nhăn, hạn chế thấm nước, độ bền cao.','2021-10-11'),(26,2,'Áo khoác nam Aristino AJK018W1','img/ao-khoac-nam-aristino-AJK018W1-10x900x900x4.jpg',1950000,24,1482000,51,'Xám 218','- Áo khoác lông vũ phom Regular fit suông vừa, nhẹ ấm mang đến cảm giác thoải mái tuyệt đối cho người mặc,<br>- Thiết kế khỏe khoắn, đường may chắc chắn, màu sắc cơ bản, dễ kết hợp với các trang phục khác nhau.','- 100% Polyamide giúp kết cấu bề mặt vải bền chắc, sắc nét, mềm mịn, thoáng khí với khả năng thấm hút mồi hôi và thoát ẩm vượt trội','2021-11-09'),(27,2,'Áo khoác nam Aristino AJK024W1','img/ao-khoac-nam-aristino-AJK024W1-04x900x900x4.jpg',1650000,0,1650000,52,'Đen 9in','- Áo khoác 2 lớp phom dáng Regular fit suông vừa, thoải mái trong từng cử động, phù hợp với nhiều dáng người khác nhau.<br>- Thiết kế hiện đại, bo tay, bo gấu khỏe khoắn, in màu ấn tượng, giúp diện mạo bổi bật và tự tin khi mặc.','- 100% Polyester giúp áo bền màu, sắc nét, mặt vải trơn trượt, mỏng nhẹ. Ngoài ra áo còn có khả năng chống bám bụi, chống nhăn, hạn chế thấm nước, độ bền cao.','2021-12-16'),(28,2,'Áo khoác nam Aristino AJK006W1','img/ao-khoac-nam-aristino-AJK006W1-14x900x900x4.jpg',925000,57,397750,92,'Xám 36M','- Áo khoác gió 2 lớp phom Regular fit suông nhẹ, vừa vặn, đem lại cảm giác thoải mái tối đa.<br>- Áo thiết kế mũ có thể tháo rời, chun viền, sườn cắt can thời trang, tạo điểm nhấn ấn tượng nhưng vẫn lịch lãm và nam tính khi mặc.','- 100% Polyester giúp quần bền màu, sắc nét, mặt vải trơn trượt, mỏng nhẹ.','2021-07-01'),(29,2,'Áo khoác gió nam Aristino AJKR01','img/ao-khoac-nam-aristino-AJK001W9-22x900x900x4.jpg',895000,15,760750,73,'Xám 47 M','- Áo khoác gió 2 lớp phom Regular fit suông nhẹ, đảm bảo sự thoải mái trong cử động, phù hợp với nhiều dáng người khác nhau.<br>- Áo thiết kế cổ trụ 6cm, gấu tay và gấu áo sử dụng chun viền chắc chắn. Áo sử dụng vải xước Melange đem đến diện mạo nổi bật cho người mặc.','- 100% Polyester giúp áo bền màu, sắc nét, mặt vải trơn trượt, mỏng nhẹ. Ngoài ra áo còn có khả năng chống bám bụi, chống nhăn, hạn chế thấm nước, độ bền cao.','2021-12-26'),(30,2,'Áo khoác gió nam Aristino AJKG01W9','img/ao-khoac-nam-aristino-AJKG01W9-13x900x900x4.jpg',1250000,0,1250000,80,'Xám 9','- Áo khoác 1 lớp phom Golf Fit phù hợp với người chơi golf và những quý ông ưa vận động.<br>- Thiết kế ấn tượng với những đường cắt cúp mạnh mẽ, nam tính mà vẫn đầy tinh tế. Áo bo chun nửa vòng ở tay và rút chun ở gấu áo. Áo in logo Aris Golf in sau gáy và trước ngực, điểm nhấn túi xẻ 2 bên với chi tiết dây phản quang canh khóa. Phần cổ áo 5cm và khóa kéo giữa thân mang đến sự tiện dụng tuyệt đối cho người sử dụng. Áo gọn nhẹ, dễ dàng gấp nhỏ và cho vào túi hoặc cốp xe khi không sử dụng.','- Thành phần 100% từ sợi Polyester đã mang đến cho áo màu sắc sắc nét, ít phai màu và không nhăn co sau quá trình sử dụng. Ngoài ra, áo còn có bề mặt vải bóng mượt, ít bám bụi, dễ dàng vệ sinh và bảo quản. Áo được bổ sung tính năng kháng nước nhẹ, thích hợp cho các hoạt động ngoài trời.','2021-06-09'),(31,2,'Áo khoác nam Aristino AJK027W9','img/ao-khoac-nam-aristino-AJK027W9-01x900x900x4.jpg',1550000,0,1550000,97,'Xanh biển nhạt 8in','- Áo khoác 2 lớp phom Regular Fit có độ suông vừa đủ nhưng đồng thời vẫn vừa vặn với số đo hình thể nam giới Việt.<br>- Thiết kế dáng bomber, họa tiết lượn sóng trắng trên nền xanh tím than. Áo thiết kế cổ bóng chày đầy khỏe khoắn, phần cổ và tay áo dệt bo rib chắc chắn.<br>- Áo sử dụng khóa kim loại bạc cho cả phần thân và túi áo để đảm bảo sự bền chắc và không gỉ theo thời gian, trên tay áo được may túi ốp trang trí.','- 100% Polyester đem tới cho áo sự mềm nhẹ, mặt vải trơn mượt, màu sắc sắc nét và khả năng giữ ấm cơ thể tuyệt vời.','2021-10-31'),(32,2,'Áo khoác nam Aristino AJK003W9','img/ao-khoac-nam-aristino-AJK003W9-08x900x900x4.jpg',1250000,36,800000,75,'Xanh lá 5','- Áo khoác gió 2 lớp phom Regular Fit có độ suông vừa, đảm bảo sự thoải mái trong từng cử động.<br>- Thiết kế bo chun ở tay và gấu áo ôm vừa cơ thể. Phần cổ áo cao 6cm kết hợp mũ có khóa tháo rời, mang đến sự tiện dụng tuyệt đối cho người sử dụng trong mùa đông. Áo có túi xẻ 2 bên kèm túi khóa cùng phần logo thương hiệu được in cao su chạy dọc khóa.','- Thành phần 100% từ sợi Polyester đã mang đến cho áo màu sắc sắc nét, ít phai màu và không nhăn co sau quá trình sử dụng. Ngoài ra, áo còn có bề mặt vải bóng mượt, ít bám bụi, dễ dàng vệ sinh và bảo quản.','2021-01-17'),(33,2,'Áo khoác gió nam Aristino AJK004W9','img/ao-khoac-nam-aristino-AJK004W9-09x900x900x4.jpg',1250000,0,1250000,51,'Xám 61','- Áo khoác 2 lớp phom Regular Fit có độ suông vừa đủ, giúp người mặc thoải mái trong từng chuyển động.<br>- Áo được thiết kế mũ liền, có chun rút ở phần dưới áo, phần tay áo được dán gấu tỉ mỉ và có thể điều chỉnh độ rộng chật.','- Chất liệu 100% Polyester, mỏng nhẹ, bề mặt bóng bẩy và sắc nét. Không thể bỏ qua là khả năng hạn chế nhăn nhàu và bám bụi, giúp các anh luôn chỉn chu dù ở trong hoàn cảnh nào.<br>- Áo có khả năng cản gió, bảo vệ cơ thể khô ráo trong thời gian ngắn dưới trời mưa nhỏ.','2021-07-26'),(34,2,'Áo khoác gió nam Aristino AJK002W9','img/ao-khoac-nam-aristino-AJK002W9-04x900x900x4.jpg',950000,46,513000,85,'Xanh tím than 25','- Áo khoác gió 1 lớp phom Regular Fit suông nhẹ, đảm bảo sự thoải mái trong cử động, phù hợp với nhiều dáng người. Áo sử dụng vải trơn solid, không thấm nước. Kết cấu khỏe khoắn với cổ trụ cao 5cm cùng mũ tháo rời thuận tiện. Gấu áo và tay áo bo chun viền 1cm giúp cản gió, áo sử dụng khóa ẩn răng cưa hiện đại, tinh giản.<br>- Áo có khả năng cản gió, cản bụi và có thể gấp nhỏ tiện lợi để mang theo.','- Chất liệu polyester cao cấp được xử lý theo công nghệ hiện đại cho chất vải bền chắc, mượt và có độ bóng sắc nét. Áo dễ làm sạch và dễ bảo quản, có khả năng chống thấm nước nhẹ, cản gió và hạn chế bám bụi. Đồng thời bền màu, giữ nguyên định hình sau nhiều lần giặt','2021-09-09'),(35,2,'Áo khoác nam Aristino AJK007W9','img/ao-khoac-nam-aristino-AJK007W9-09x900x900x4.jpg',1500000,0,1500000,79,'Xám 62','- Áo khoác gió 1 lớp phom Regular Fit có độ suông rộng, giúp người mặc thoải mái trong từng cử động, nhưng đồng thời vẫn đảm bảo vừa vặn về số đo vai, độ dài tay, áo.<br>- Thiết kế tỉ mỉ đến từng chi tiết đem đến cho những trải nghiệm tuyệt vời nhất trong thời tiết se lạnh với mũ liền kết cấu đặc biệt ôm khít đầu khi rút chun. Phần tay raclang dáng xuông. Áo có chun rút gấu áo trong, tay sử chun viền 1cm chắc chắn. Thân sau áo thiết kế túi chìm, dễ dàng gấp gọn vào trong chiếc túi phần lưng sau.','- Chất liệu 100% Polyester cao cấp giúp sản phẩm bền chắc, bền màu và có độ bóng sáng tự nhiên. Đặc biệt, vải nhẹ và thoáng, giữ nhiệt tốt, hạn chế bám bụi, dễ chăm sóc và bảo quản.','2021-09-10'),(36,2,'Áo khoác nam lông vũ Aristino AJK010W8','img/ao-khoac-nam-aristino-AJK010W8-04x900x900x4.png',1800000,0,1800000,26,'Booc đô 15','- Áo khoác lông vũ phom dáng Regular fit, suông nhẹ, dễ mặc với nhiều dáng người.<br>- Thiết kế nam tính, khỏe khoắn với cổ trụ ba phân, bo cổ tay và gấu áo giúp giữ ấm hiệu quả trong mùa đông. Màu sắc cơ bản, dễ kết hợp với các trang phục khác nhau.','Vải 100% từ nylon giúp bề mặt sáng bóng, nhẵn mịn, sắc nét, chống nhăn, chống nhàu, giúp ngăn gió và giữ ấm cho cơ thể. Lớp lông vũ bên trong mềm nhẹ, ấm áp, giữ nhiệt tốt.','2021-12-01'),(37,2,'Áo khoác gió nam Aristino AJK001W9','img/ao-khoac-nam-aristino-AJK001W9-18x900x900x4.jpg',895000,0,895000,59,'Xanh biển 70','- Áo khoác gió 2 lớp phom Regular Fit suông nhẹ, đảm bảo sự thoải mái trong cử động, phù hợp với nhiều dáng người khác nhau. Áo thiết kế cổ trụ 6cm, gấu tay và gấu áo sử dụng chun viền 1cm chắc chắn, dây viền in dập chìm logo Aristino tinh tế.<br>- Áo sử dụng vải xước Melange, túi có khóa kim loại tiện lợi và có thể gấp nhỏ tiện lợi để mang theo.','- Chất liệu polyester cao cấp được xử lý theo công nghệ hiện đại cho chất vải bền chắc, mượt và có độ bóng sắc nét. Áo dễ làm sạch và dễ bảo quản, có khả năng cản gió và hạn chế bám bụi.<br>- Áo phù hợp cho thời tiết mùa thu se se lạnh, dễ dàng kết hợp với nhiều trang phục khác nhau: có thể khoác bên ngoài T-shirt, Polo, Sơmi, Len mỏng và kết hợp với quần âu, khaki, jean...','2021-11-01'),(38,3,'Áo thun dài tay nam Aristino ALT022W1','img/ao-thun-giu-nhiet-aristino-ALT022W1-09x900x900x4.jpg',295000,0,295000,58,'Xám 6MF','- Áo T-shirt dài tay phom Body fit ôm sát cơ thể, gọn gàng, thoải mái và giữ ấm tối đa khi mặc.<br>- Áo thiết đơn giản với 3 gam màu trung tính đem lại nhiều lựa chọn kết hợp màu sắc và trang phục.','- 95% Polyester giúp áo bền màu, sắc nét, mặt vải trơn trượt, mỏng nhẹ.<br>- 5% Spandex tạo độ co giãn nhẹ.','2021-05-19'),(39,3,'Áo polo dài tay nam Aristino ALPG02W1','img/ao-thu-dong-aristino-ALPG02W1-02x900x900x4.jpg',900000,0,900000,78,'Xám 48MF','- Áo polo Golf dài tay phom dáng Golf fit suông vừa, thoải mái tuyệt đối khi cử động.<br>- Áo thiết kế đơn giản mang dáng dấp thể thao khỏe khoắn, nam tính, nổi bật mọi góc nhìn','- 82% Polyester giúp áo bền màu, sắc nét, mặt vải trơn trượt, mỏng nhẹ.<br>- 18% Spandex tạo độ co giãn nhẹ.','2021-08-30'),(40,3,'Áo thun có cổ dài tay nam Aristino ALPG03W1','img/ao-thu-dong-aristino-ALPG03W1x900x900x4.jpg',900000,47,477000,87,'Xanh tím than 25','- Áo polo Golf dài tay phom dáng Golf fit suông vừa, thoải mái tuyệt đối khi cử động.<br>- Áo thiết kế đơn giản, dệt Jacquard họa tiết thời trang, màu sắc trung tính dễ kết hợp trang phục, mang lại vẻ ngoài lịch lãm nổi bật cho các quý ông.','- 85% Nylon cho bề mặt vải độ mịn mượt, mỏng nhẹ.<br>- 15% Spandex tạo độ co giãn tốt, thoải mái tối đa khi mặc.','2021-02-24'),(41,3,'Áo thu đông nam Aristino ASW022W1','img/ao-thu-dong-aristino-ASW022W1-06x900x900x4.jpg',550000,0,550000,89,'Đen 9','- Áo Sweat Shirt phom Regular fit suông nhẹ, đem lại cảm giác thoải mái tuyệt đối khi mặc<br>- Áo thiết kế cơ bản, cổ tròn dệt rib, bo tay bo gấu thời trang, màu sắc nam tính lịch lãm, dễ kết hợp trang phục.','- 57% Cotton giúp áo mềm mại, xốp nhẹ và thoáng khí.<br>- 38% Polyester cho bề mặt vải bóng mịn, sắc nét, ít nhăn co.<br>- 5% Spandex tạo độ co giãn nhẹ.','2021-07-08'),(42,3,'Áo thu đông nam Aristino ASW016W1','img/ao-thu-dong-aristino-ASW016W1-05x900x900x4.jpg',525000,24,399000,104,'Đen 9','- Áo Swear Shirt phom Regular fit suông vừa, thoải mái tuyệt đối khi mặc.<br>- Áo thiết kế cổ tròn basic, màu sắc trung tính, đem đến nhiều lựa chọn kết hợp trang phục khác nhau.','- 92% PE Cotna 8% SPD','2021-10-15'),(43,3,'Áo thun dài tay nam Aristino ALT019W1','img/ao-thun-dai-tay-aristino-ALT019W1-07x900x900x4.jpg',395000,9,359450,100,'Booc đô 15MF','- Áo T-shirt dài tay phom Slim fit ôm vừa vặn, đồng thời vẫn đảm bảo sự thoải mái trong từng chuyển động.<br>- Áo thiết tinh giản với 2 gam màu trung tính, chữ ký Aristino được in trước ngực tinh tế, tạo điểm nhấn ấn tượng khi mặc','- 48% Cotton giúp áo mềm mại, xốp nhẹ và thoáng khí.<br>- 47% Polyester cho bề mặt vải bóng mịn, sắc nét, ít nhăn co.<br>- 5% Spandex tạo độ co giãn nhẹ.','2021-08-12'),(44,3,'Áo thun có cổ dài tay nam Aristino ALPG01W1','img/ao-thu-dong-aristino-ALPG01W1-02x900x900x4.jpg',850000,0,850000,116,'Đen 9','- Áo polo Golf dài tay phom dáng Golf fit suông vừa, thoải mái tuyệt đối khi cử động.<br>- Áo thiết kế đơn giản, cổ dệt với hiệu ứng màu thời trang, in chữ trước ngực tạo điểm nhấn độc đáo, đem lại vẻ nổi bật trên sân.','- 97% Nylon cho bề mặt vải độ mịn mượt, mỏng nhẹ.<br>- 3% Spandex Funmax tạo độ co giãn nhẹ, đồng thời có khả năng kháng khuẩn, kháng UV, bảo vệ người mặc tối đa.','2021-09-01'),(45,3,'Áo thu đông nam Aristino ASW023W1','img/ao-thu-dong-aristino-ASW023W1x900x900x4.jpg',550000,80,110000,43,'Xám 272M','- Áo Sweat Shirt phom Regular fit suông nhẹ, thoải mái.<br>- Áo thiết kế cổ tròn basic, màu sắc trung tính dễ kết hợp trang phục, đem lại vẻ ngoài lịch lãm, nam tính cho người mặc.','- 57% Cotton giúp áo mềm mại, xốp nhẹ và thoáng khí.<br>- 38% Polyester cho bề mặt vải bóng mịn, sắc nét, ít nhăn co.<br>- 5% Spandex tạo độ co giãn nhẹ.','2021-05-07'),(46,3,'Áo thun dài tay nam Aristino ALT020W1','img/ao-thun-dai-tay-aristino-ALT020W1-06x900x900x4.jpg',295000,0,295000,72,'Đen 9','- Áo T-shirt dài tay phom Body fit ôm sát cơ thể, gọn gàng, thoải mái và giữ ấm tối đa khi mặc.<br>- Áo thiết đơn giản với 3 gam màu trung tính đem lại nhiều lựa chọn kết hợp màu sắc và trang phục.','- 62% Polyester giúp bề mặt áo bóng mịn, bền màu, sắc nét, ít nhăn nhàu.<br>- 33% Rayon giúp áo có độ mềm mại, mỏng nhẹ tự nhiên.<br>- 5% Spandex tạo độ co giãn nhẹ.','2021-09-17'),(47,3,'Áo thun dài tay nam Aristino ALT011W1','img/ao-thun-dai-tay-aristino-ALT011W1-09x900x900x4.jpg',395000,0,395000,44,'Xanh biển 33MF','- Áo T-shirt dài tay phom Regular fit suông vừa, đứng dáng, đem lại vẻ ngoài nam tính cho người mặc.<br>- Áo thiết kế cơ bản, cổ tròn vải chính, ngực thêu chữ ký Aristino đồng màu tạo điểm nhấn tinh tế.','- 20% Cotton giúp áo mềm mại, xốp nhẹ và thoáng khí.<br>- 80% Polyester cho bề mặt vải bóng mịn, sắc nét, ít nhăn co.','2021-12-27'),(48,3,'Áo thu đông nam Aristino ASWR02','img/ao-thu-dong-aristino-ASWR02-11x900x900x4.jpg',570000,27,416100,64,'Đen 1M','- Áo Swear Shirt phom Regular fit suông vừa, thoải mái tuyệt đối khi mặc.<br>- Áo thiết kế cổ tròn basic, màu sắc đa dạng, đem đến nhiều lựa chọn kết hợp trang phục khác nhau.','- 74% Cotton giúp áo mềm mại, xốp nhẹ và thoáng khí.<br>- 18% Polyester cho bề mặt vải bóng mịn, sắc nét, ít nhăn co.<br>- 8% Spandex tạo độ co giãn nhẹ.','2021-05-16'),(49,3,'Áo thu đông nam Aristino ASW018W1','img/ao-thu-dong-aristino-ASW018W1-09x900x900x4.jpg',525000,0,525000,114,'Cam 61MF','- Áo Swear Shirt phom Regular fit suông vừa, thoải mái tuyệt đối khi mặc<br>- Áo thiết kế basic, bo tay, bo gấu, ngực thiêu viền chữ PLATEAU nổi bật, tạo điểm nhấn độc đáo khi mặc.','- 57% Cotton giúp áo mềm mại, xốp nhẹ và thoáng khí.<br>- 38% Polyester cho bề mặt vải bóng mịn, sắc nét, ít nhăn co.<br>- 5% Spandex tạo độ co giãn nhẹ.','2021-03-17'),(50,3,'Áo t-shirt dài tay nam Aristino ALT010W1','img/ao-thun-dai-tay-aristino-ALT010W1-01x900x900x4.jpg',395000,19,319950,70,'Cam 61MF','- Áo T-shirt dài tay phom Regular fit suông vừa, thoải mái tuyệt đối khi mặc.<br>- Thiết kế cổ tròn bo rib, in cao su chữ ký trước ngực tạo điểm nhấn. Áo có 3 gam màu trung tính, dễ dàng kết hợp với nhiều loại trang phục khác nhau.','- 57% Cotton giúp áo mềm mại, xốp nhẹ và thoáng khí<br>- 38% Polyester cho bề mặt vải bóng mịn, sắc nét, ít nhăn co.<br>- 5% Spandex tạo độ co giãn nhẹ.','2021-06-19'),(51,3,'Áo thu đông nam Aristino ASW006W1','img/ao-thu-dong-aristino-ASW006W1-07x900x900x4.jpg',525000,88,63000,57,'Xám 40MF','- Áo Swear Shirt dáng Regular fit suông nhẹ, thoải mái.<br>- Thiết kế cổ tròn basic, bo viền cổ và tay áo. Ngực áo thêu chữ Aristino đáp vải gió tạo điểm nhấn ấn tượng. Màu sắc nam tính mang đến diện mạo thu hút cho người mặc.','- 95% Polyester giúp áo bền màu, sắc nét, mặt vải trơn trượt, mỏng nhẹ.<br>- 5% Spandex tạo độ co giãn nhẹ.','2021-09-10'),(52,3,'Áo thun dài tay nam Aristino ALT004W1','img/ao-thun-dai-tay-aristino-ALT004W1-06x900x900x4.jpg',395000,0,395000,24,'Xanh tím than 6MF','- Áo T-shirt dài tay phom Slim fit ôm vừa vặn với cơ thể, tôn dáng người mặc.<br>- Thiết kế cổ tròn bo rib, in cao su chữ ký trước ngực tạo điểm nhấn. Áo có 3 gam màu trung tính, dễ dàng kết hợp với nhiều loại trang phục khác nhau.','- 48% Cotton giúp áo mềm mại, xốp nhẹ và thoáng khí.<br>- 47% Polyester cho bề mặt vải bóng mịn, sắc nét, ít nhăn nhàu.<br>- 5% Spandex tạo độ co giãn nhẹ.','2021-03-25'),(53,3,'Áo thun có cổ dài tay nam Aristino ALPG14W9','img/ao-thun-dai-tay-aristino-ALPG14W9-01x900x900x4.jpg',750000,75,187500,72,'Xanh tím than 33','- Áo polo golf dài tay phom Golf fit đặc biệt, có ôm vừa phải, nhưng đồng thời vẫn giúp cho các golfer cảm thấy thoải mái trên từng chuyển động.<br>- Thiết kế cổ nhọn, xẻ tà ấn tượng. Không thể bỏ qua là họa tiết được in PU phản quang trước ngực, mang đến vẻ ngoài vô cùng nổi bật và thời thượng.','- Thành phần 100% Nylon cao cấp được xử lý theo công nghệ tiên tiến nhất giúp áo siêu mềm mại, thấm hút tuyệt vời, giúp các anh luôn tự tin trên từng chuyển động. Thêm vào đó, áo ít nhăn nhàu, ít tĩnh điện, mang đến vẻ ngoài chỉn chu, lịch lãm.','2021-08-21'),(54,3,'Áo sweatshirt dài tay Aristino ASW010W9','img/ao-thu-dong-nam-aristino-ASW010W9-01x900x900x4.jpg',565000,35,367250,44,'Xanh biển 87MF','- Áo Swear Shirt dáng Regular Fit suông nhẹ, thoải mái.<br>- Thiết kế cổ tròn basic, bo viền cổ tay và gấu áo. Mặt trước in họa tiết đặc trưng của thiên nhiên vùng Tây Bắc kết hợp in và dệt chữ độc đáo. Màu sắc nam tính kết hợp hiệu ứng màu melange mang diện mạo thu hút cho người mặc.','- Chất liệu cotton tự nhiên mềm mại, xốp nhẹ kết hợp Polyester giúp bề mặt vải bền chắc, mượt và có độ bóng sắc nét. Áo dễ làm sạch và dễ bảo quản, bền màu và giữ nguyên định hình sau nhiều lần giặt. Áo có độ co giãn thoải mái nhờ sợi spandex.','2021-09-17'),(55,3,'Áo sweatshirt dài tay nam Aristino ASW004W9','img/ao-thu-dong-nam-aristino-ASW004W9-11x900x900x4.jpg',450000,56,198000,25,'Cam 6 kẻ','- Áo sweatshirt phom Casual Fit suông rộng, thoải mái, đem đến vẻ ngoài phóng khoáng, tự tin cho tất cả các quý ông.<br>- Thiết kế bo rib phần cổ, cổ tay và gấu áo. Áo dệt Yarn Dyed tạo những đường kẻ sọc được dệt toàn thân, bền đẹp theo thời gian và giúp che vóc dáng hoàn hảo.','- Với thành phần từ sợi Polyester kết hợp Cotton, ASW004W9 có bề mặt trơn trượt dễ chịu, bóng sáng và màu sắc nét. Đồng thời với 5% spandex áo có độ đàn hồi tự nhiên, giữ nhiệt tốt và bền màu theo thời gian.','2021-07-02'),(56,3,'Áo t-shirt dài tay nam Aristino ALTR05','img/ao-thun-dai-tay-ALTR05-16x900x900x4.jpg',325000,0,325000,60,'Xanh biển 18','- Áo T-shirt dài tay phom Slim Fit có độ ôm vừa, tôn dáng và giúp người mặc tự tin với hình thể của mình.<br>- Thiết kể trẻ trung với cổ tim, dệt hiệu ứng melange độc đáo. Áo có 4 màu trung tính, mang đến nhiều lựa chọn kết hợp trang phục cho những hoàn cảnh ít trang trọng.','- Chất liệu CVC cao cấp là sự kết hợp ưu điểm của cotton tự nhiên mềm mại, thoáng mát, xốp nhẹ và độ bền chắc, màu sắc sắc nét của sợi nhân tạo.','2021-12-13'),(57,3,'Áo thun dài tay Aristino ALT002W9','img/ao-thu-dong-nam-aristino-ALT002W9-09x900x900x4.jpg',375000,47,198750,89,'Xám 267M','- Áo T-shirt dài tay phom dáng Casual fit suông rộng, mang đến vẻ ngoài thời thượng và phóng khoáng.<br>- Thiết kế cơ bản với cổ tròn, màu sắc trung tính. Điểm nhấn của áo nằm ở chữ ký lớn cách điệu từ logo Aristino được in ở phần ngực phải. Áo thích hợp để mặc cùng quần dài thu đông để đi dạo, tập thể thao vào mùa lạnh.','- Chất liệu CVC mang đến những ưu điểm vượt trội là sự mềm mại, xốp nhẹ, thoáng khí, bền đẹp và giữ màu sắc nét theo thời gian.','2021-07-29'),(58,3,'Áo sweatshirt dài tay Aristino ASW009W9','img/ao-thu-dong-nam-aristino-ASW009W9-05x900x900x4.jpg',565000,0,565000,100,'Xanh aqua 30MF','- Áo sweatshirt phom Regular Fit có độ suông vừa đủ, đồng thời vẫn đảm bảo vừa vặn và tôn dáng, thiết kế sweatshirt cơ bản với phần cổ tròn, phần tay và gấu áo được dệt bo rib.<br>- Đặc biệt, áo có họa tiết hoa ban in tràn thân trên nền 2 màu trung tính.','- Chất liệu CVC là sự pha trộn hoàn hảo của sợi tự nhiên và nhân tạo với các ưu điểm mềm mại, xốp nhẹ và thoáng mát. Hay là sự bền chắc, màu sắc sắc nét theo thời gian.','2021-10-08'),(59,3,'Áo thu đông nam Aristino ASW005W9','img/ao-thu-dong-nam-aristino-ASW005W9-04x900x900x4.jpg',495000,24,376200,61,'Xanh biển 70','- Áo sweatshirt phom Casual Fit rộng rãi, thoải mái, mang đến cho người mặc vẻ ngoài thời thượng, năng động. Điểm nhấn của áo nằm ở chữ ký Aristino cách điệu , thêu đắp nhung ở thân trước.<br>- Áo thiết kế cổ tròn , bo tay bo gấu bằng vải dệt rib khỏe khoắn, đồng thời giữ ấm cơ thể người mặc vào mùa lạnh.','- Chất liệu CVC cao cấp là sự kết hợp ưu điểm của cotton tự nhiên mềm mại, thoáng mát, xốp nhẹ và độ bền chắc, màu sắc sắc nét của sợi nhân tạo.<br>- Áo co giãn thoải mái nhờ sợi spandex.<br>- Áo có thể kết hợp cùng giày sneaker, quần khaki để đi chơi, quần dài dệt kim để đi bộ hoặc tập thể thao trong mùa lạnh.','2021-12-08'),(60,3,'Áo t-shirt dài tay nam Aristino ALTR06','img/ao-thun-dai-tay-aristino-ALTR06-13x900x900x4.jpg',325000,0,325000,39,'Đen 9','- Áo thun dài tay phom Slim Fit ôm vừa vặn cơ thể, tôn dáng người mặc.<br>- Thiết kế tối giản với phần cổ may liền thân. Điểm nhấn của áo nằm ở việc dệt tạo họa tiết melange, mang đến những màu sắc ấn tượng và độc nhất. Áo có đến 5 màu gam trung tính, đem đến nhiều lựa chọn kết hợp màu sắc.','- Chất liệu CVC cao cấp đem đến độ mềm mại, thoáng mát, xốp nhẹ nhờ sợi Cotton. Đồng thời áo vẫn có độ bền chắc và màu sắc sắc nét nhờ sợi nhân tạo.','2021-09-15'),(61,4,'Quần âu nam Aristino ATR00202','img/quan-au-nam-aristino-ATR00202-01x900x900x4.jpg',795000,57,341850,62,'Xám 110 kẻ','- Quần âu form Cropped có độ dài trên mắt cá chân, đồng thời vẫn có độ ôm vừa, tôn dáng người mặc tuyệt đối.<br>- Thiết kế chỉn chu, đứng dáng. Hiệu ứng kẻ tinh tế kết hợp màu sắc nam tính mang đến cho người mặc diện mạo lịch lãm. Quần có túi xẻ 2 bên và túi sau tiện lợi.','- 64% Polyester giúp quần áo bền màu, sắc nét, giữ phom tốt, hạn chế co nhăn.<br>- 35% Rayon giúp quần áo có độ mềm mại, thoáng khí và bay rũ tự nhiên.<br>- 1% Spandex tạo độ co giãn, thoải mái khi cử động','2021-01-07'),(62,4,'Quần âu nam Aristino ATR02101','img/quan-au-nam-aristino-ATR02101-20x900x900x4.jpg',895000,0,895000,72,'Xám 82 kẻ','- Quần âu phom Regular fit đứng dáng, vừa vặn, thoải mái khi mặc.<br>- Quần thiết kế thời trang, họa tiết kẻ nam tính, với 4 gam màu khác nhau đem lại nhiều lựa chọn kết hợp trang phục.','- 100% Polyester giúp quần bền màu, sắc nét, mặt vải trơn trượt, mỏng nhẹ.','2021-09-18'),(63,4,'Quần âu nam Aristino ATR00301','img/quan-au-nam-ATR00301-05x900x900x4.jpg',750000,78,165000,90,'Xám 18 kẻ','- Quần âu phom dáng Slim fit ôm vừa vặn, tôn dáng<br>- Quần màu cơ bản, dễ kết hợp trang phục, họa tiết kẻ thời trang, nam tính. Thiết kế túi xẻ 2 bên, túi cài sau tiện lợi.','- 75% Polyester giúp quần bền màu, sắc nét, mặt vải trơn trượt, mỏng nhẹ.<br>- 25% Rayon giúp quần có độ mềm mại, mát mẻ và bay rũ tự nhiên.','2021-06-23'),(64,4,'Quần âu nam Aristino ATR03001','img/quan-au-nam-aristino-ATR03001-02x900x900x4.jpg',750000,0,750000,47,'Xám 32 kẻ','- Quần âu phom dáng Slim fit ôm vừa vặn với hình thể người mặc, mang lại vẻ trẻ trung, nam tính.<br>- Quần thiết kế họa tiết kẻ tinh tế, đem đến diện mạo chỉn chu, lịch lãm khi mặc. Gam màu xám trung tính, dễ kết hợp với nhiều loại trang phục, nhiều phong cách khác nhau.','- 59% Polyester giúp quần bền màu, sắc nét, mặt vải trơn trượt, mỏng nhẹ.<br>- 40% Rayon giúp quần có độ mềm mại, mát mẻ và bay rũ tự nhiên.<br>- 1% Spandex tạo độ co giãn nhẹ.','2021-05-20'),(65,4,'Quần âu nam Aristino ATR01001','img/quan-au-nam-aristino-ATR01001-02x900x900x4.jpg',750000,18,615000,82,'Xanh biển 25 kẻ','- Quần âu phom dáng Slim Fit ôm nhẹ, màu xám kẻ tạo diện mạo thời thượng','- 77% Polyester giúp quần bền màu, sắc nét và độ trơn trượt, mỏng nhẹ.<br>- 21% Rayon giúp quần có độ mềm mại, mát mẻ và bay rũ tự nhiên.<br>- 2% Spandex tạo độ co giãn nhẹ.','2021-08-14'),(66,4,'Quần âu nam Aristino ATR01701','img/quan-au-nam-aristino-ATR01701-12x900x900x4.jpg',750000,0,750000,101,'Xám 18 kẻ','- Quần âu form dáng Cropped có độ dài trên mắt cá chân, đồng thời vẫn có độ ôm vừa, tôn dáng người mặc tuyệt đối.<br>- Quần có hiệu ứng kẻ chìm. Ngoài ra, quần có phần nếp ly đứng dáng, túi xẻ 2 bên và túi cài sau tiện lợi. Ngoài ra, chữ ký cách điệu từ logo được thêu ở miệng túi độc đáo và tinh tế.','- Chất liệu Polyester kết hợp Rayon cho quần có độ cứng cáp và đứng dáng vừa đủ, đồng thời vẫn có bề mặt xốp nhẹ, thoáng mát dễ chịu, mang lại cảm giác dễ chịu suốt ngày dài cùng với độ co giãn đàn hồi thoải mái nhờ 3% Spandex.','2021-09-16'),(67,4,'Quần âu nam Aristino ATRR08','img/quan-au-aristino-ATRR08-08x900x900x4.jpg',750000,47,397500,50,'Xám 62','- Quần âu 1 ly phom dáng Regular Fit suông nhẹ, thoải mái mà vẫn đảm bảo vừa vặn số đo hình thể.<br>- Thiết kế lịch lãm với nếp ly đứng dáng mang đến diện mạo chỉn chu cho người mặc. Quần có túi xẻ 2 bên, 2 túi sau cài khuy tiện lợi. Quần màu trung tính, mang đến nhiều lựa chọn kết hợp trang phục.','- Chất liệu Polyester kết hợp Rayon cho quần có độ cứng cáp và đứng dáng vừa đủ, đồng thời vẫn có bề mặt xốp nhẹ, thoáng mát dễ chịu. Đặc biệt, quần thấm hút tốt và thoát ẩm vượt trội, mang lại cảm giác dễ chịu suốt ngày dài.','2021-08-25'),(68,4,'Quần âu nam Aristino ATR03709','img/quan-au-nam-aristino-ATR03709-08x900x900x4.jpg',750000,0,750000,85,'Xám 38 kẻ','- Quần âu phom dáng Cropped có độ dài trên mắt cá chân, đồng thời vẫn có độ ôm vừa, tôn dáng người mặc tuyệt đối.<br>- Quần hoạ tiết kẻ caro với nhiều sắc độ vô cùng thời thượng. Ngoài ra, quần có phần nếp ly đứng dáng, túi xẻ 2 bên và túi cài sau tiện lợi. Ngoài ra, chữ ký cách điệu từ logo được thêu ở miệng túi độc đáo và tinh tế.','- Chất liệu Polyester kết hợp Rayon cho quần có độ cứng cáp và đứng dáng vừa đủ, đồng thời vẫn có bề mặt xốp nhẹ, thoáng mát dễ chịu. Đặc biệt, quần thấm hút tốt và thoát ẩm vượt trội. Ngoài ra, 3% spandex giúp quần có độ co giãn vừa đủ.','2021-06-09'),(69,4,'Quần âu nam Aristino ATRR04','img/quan-au-nam-aristino-ATRR04-04x900x900x4.jpg',750000,78,165000,77,'Xám 63','- Quần âu phom dáng Slim fit ôm vừa phải, tôn dáng người mặc.<br>- Thiết kế chỉn chu với công nghệ nếp ly vĩnh viễn giúp quần luôn đứng dáng, mang đến vẻ lịch lãm. Các chi tiết được may tỉ mỉ, tinh tế. Gấu chờ, được may vừa vặn với số đo của từng khách hàng.','- Chất liệu 70% Polyester kết hợp 28% sợi Rayon cho quần có độ cứng cáp và đứng dáng vừa đủ, đồng thời vẫn có bề mặt xốp nhẹ, thoáng mát dễ chịu. Đặc biệt, có thêm 2% spandex giúp quần có độ co giãn nhẹ mang lại cảm giác dễ chịu suốt ngày dài.','2021-07-11'),(70,4,'Quần âu nam Aristino ATRR06','img/quan-au-nam-aristino-ATRR06-01x900x900x4.jpg',750000,0,750000,45,'Xám 118','- Quần âu kiểu dáng Carrot fit hoàn toàn mới với phần hông và đùi dáng bom rộng, kết hợp ống quần ôm và gấu lơ-vê  trẻ trung vô cùng tôn dáng. Điểm nhấn đặc biệt ở móc phụ kiện thời trang tại đỉa quần trước.<br>- Thiết kế thời thượng, trẻ trung mà vẫn lịch lãm với phong cách casual smart.','- Thành phần chính là Polyester cho bề mặt mượt dễ chịu, hạn chế nhăn co, có độ bóng sáng, sắc nét đồng thời giữ sản phẩm đứng dáng.<br>- Kết hợp sợi Rayon thoáng khí, mềm mịn, mang đến sự thoáng mát dễ chịu trong mùa hè.<br>- Quần co giãn nhẹ mang lại cảm giác thoải mái với 4% sợi Spandex.','2021-03-24'),(71,4,'Quần âu nam Aristino ATRR01','img/quan-au-nam-aristino-ATRR0109-15x900x900x4.jpg',750000,36,480000,78,'Xám 37','- Quần âu phom dáng Slim Fit ôm vừa vặn cơ thể, tôn dáng người mặc.<br>- Thiết kế nam tính với 2 túi xẻ 2 bên, 2 túi cài sau tiện lợi, màu quần trung tính, mang đến cho người mặc vẻ ngoài chỉn chu, lịch lãm.','- Chất liệu Polyester kết hợp Rayon cho quần có độ cứng cáp và đứng dáng vừa đủ, đồng thời vẫn có bề mặt xốp nhẹ, thoáng mát dễ chịu. Đặc biệt, quần thấm hút tốt và thoát ẩm vượt trội, mang lại cảm giác dễ chịu suốt ngày dài.','2021-10-21'),(72,4,'Quần âu nam Aristino ATR05009','img/quan-au-aristino-ATR05009-01x900x900x4.jpg',750000,0,750000,73,'Xanh biển 26 kẻ','- Quần âu phom dáng Slim Fit ôm vừa vặn với số đo hình thể, tôn dáng tuyệt đối.<br>- Thiết kế kẻ thời thượng với nếp ly đứng dáng mang đến diện mạo chỉn chu, lịch lãm cho người mặc. Quần có 3 màu trung tính, dễ dàng kết hợp trang phục.','- Chất liệu Polyester kết hợp Rayon cho quần có độ cứng cáp và đứng dáng, đồng thời quần có bề mặt vải bóng nhẹ, thoáng mát dễ chịu.<br>- Đặc biệt, đảm bảo độ co giãn thoải mái khi vận động nhờ thành phần spandex.','2021-04-27'),(73,5,'Quần kaki nam Aristino AKKR03','img/quan-kaki-nam-AKKR03-12x900x900x4.jpg',750000,0,750000,23,'Be 98','- Quần khaki phom dáng Slim fit ôm vừa vặn, tôn dáng người mặc.<br>- Thiết kế basic, đường cắt may tỉ mỉ mang đến diện mạo chỉn chu lịch lãm trong mọi hoàn cảnh.<br>- Quần có túi xẻ hai bên, túi phụ và túi cài khuy phía sau tiện lợi.','- 98% cotton cao cấp thoáng mát, thấm hút mồ hôi tốt.<br>- Quần có độ co giãn nhất định nhờ 2% sợi Spandex','2021-08-14'),(74,5,'Quần kaki nam Aristino AKKR01','img/quan-kaki-nam-aristino-AKKR01-22x900x900x4.jpg',695000,37,437850,111,'Be 38','- Quần khaki phom dáng Regular Fit suông nhẹ mà vẫn đảm bảo vừa vặn số đo hình thể.<br>- Thiết kế chỉn chu, đường may tỉ mỉ mang đến vẻ lịch lãm cho nam giới. Quần có túi xẻ hai bên và túi cài khuy phía sau tiện lợi. Màu sắc cơ bản và dễ dàng kết hợp với trang phục khác.','- Chất liệu CVC cao cấp là sự kết hợp ưu điểm của cotton tự nhiên và sợi nhân tạo, tạo sự mềm mại, thoáng mát, xốp nhẹ và độ bền chắc, màu sắc sắc nét cho quần.','2021-12-19'),(75,5,'Quần kaki nam Aristino AKKR04','img/quan-kaki-nam-aristino-AKKR04-01x900x900x4.jpg',725000,19,587250,70,'Be 103','- Quần khaki phom dáng Slim Fit ôm vừa vặn, tôn dáng người mặc nhưng vẫn đảm bảo sự thoải mái, nam tính.<br>- Thiết kế chỉn chu, đường may tỉ mỉ mang đến vẻ lịch lãm cho nam giới. Quần có túi xẻ hai bên và túi cài khuy phía sau tiện lợi. Màu sắc cơ bản và dễ dàng kết hợp với trang phục khác.','- Chất liệu CVC cao cấp là sự kết hợp ưu điểm của cotton tự nhiên và sợi nhân tạo, tạo sự mềm mại, thoáng mát, xốp nhẹ và độ bền chắc, màu sắc sắc nét cho quần.','2021-05-11'),(76,5,'Quần kaki nam Aristino AKKR0309','img/quan-kaki-nam-aristino-AKKR03-10x900x900x4.jpg',725000,0,725000,71,'Be 38','- Quần khaki phom dáng Slim Fit ôm vừa vặn, tôn dáng người mặc nhưng vẫn đảm bảo sự thoải mái, nam tính.<br>- Thiết kế chỉn chu, đường may tỉ mỉ mang đến vẻ lịch lãm cho nam giới. Quần có túi xẻ hai bên và túi cài khuy phía sau tiện lợi. Màu sắc cơ bản và dễ dàng kết hợp với trang phục khác.','- Chất liệu Cotton từ sợi bông cho bề mặt mịn và mát, thấm hút mồ hôi tốt, thoáng khí.<br>- Kết hợp cùng 2% Spandex mang đến sự co giãn thoải mái trong mọi hoạt động.','2021-01-24'),(77,5,'Quần kaki nam Aristino AKK00108','img/quan-kaki-nam-aristino-AKK00108-11x900x900x4.jpg',695000,68,222400,39,'Vàng 15','- Quần khaki phom dáng Regular fit có độ suông nhẹ vừa vặn, thoải mái trong mọi hoạt động.<br>- Điểm nhấn là đai móc tiện lợi với túi xẻ 2 bên. Đường may tỉ mỉ và chỉn chu, quần khaki dễ dàng kết hợp với trang phục khác và giúp nam giới có được sự tự tin, phong độ.','- Chất liệu 100% CVC cao cấp là sự kết hợp ưu điểm của cotton tự nhiên mềm mại, thoáng mát, xốp nhẹ và độ bền chắc, màu sắc sắc nét của sợi nhân tạo giúp quần đứng dáng tự nhiên, không nhăn và bền màu.','2021-05-08'),(78,5,'Quần kaki nam Aristino AKK00708','img/quan-kaki-nam-aristino-AKK00708-15x900x900x4.jpg',695000,0,695000,65,'Be 76','- Quần khaki phom dáng Slim fit ôm vừa cơ thể, tôn dáng.<br>- Thiết kế basic không kén người mặc, dễ kết hợp với nhiều trang phục theo nhiều phong cách khác nhau. Quần đứng dáng chỉn chu với đường may tỉ mỉ đến từng chi tiết. Túi xẻ phía trước, túi cài khuy phía sau và túi phụ tiện lợi.','- Chất liệu 100% CVC cao cấp là sự kết hợp ưu điểm của cotton tự nhiên mềm mại, thoáng mát, xốp nhẹ và độ bền chắc, màu sắc sắc nét của sợi nhân tạo giúp quần đứng dáng tự nhiên, không nhăn và bền màu.','2021-09-04'),(79,5,'Quần kaki nam Aristino AKK02307','img/quan-kaki-nam-aristino-AKK02307-04x900x900x4.png',795000,69,246450,29,'Be 52','- Quần khaki phom dáng Regular fit có độ suông nhẹ vừa vặn với đường xếp ly tạo sự thoải mái tối đa, đặc biệt cho những người có vòng bụng lớn.<br>- Công nghệ chống nhăn Air plane từ Mỹ giúp bề mặt vải phẳng phiu, chống bám bụi và giữ đứng dáng.','- Chất liệu cotton 100% cao cấp có bề mặt xốp nhẹ, thoáng mát. Vải cotton thấm hút mồ hôi tốt, dễ chịu khi tiếp xúc với da, không gây kích ứng.','2021-10-01'),(80,5,'Quần kaki nam Aristino AKK02107','img/quan-kaki-nam-aristino-AKK02107-04x900x900x4.png',725000,0,725000,83,'Xanh biển 96','- Quần khaki phom dáng Slim fit ôm vừa, tôn dáng.<br>- Thiết kế cổ điển, lịch lãm với nếp ly vĩnh viễn giúp quần đứng dáng, dễ là ủi.<br>- Quần có túi xẻ 2 bên và túi xẻ cài khuy. Cạp 3cm, moi quần tiện lợi.','- Chất liệu CVC cao cấp là sự kết hợp ưu điểm của cotton tự nhiên mềm mại, thoáng mát, xốp nhẹ và độ bền chắc, màu sắc sắc nét của sợi nhân tạo.','2021-06-21'),(81,5,'Quần kaki nam Aristino AKK005S7','img/quan-kaki-nam-aristino-AKK005S7x900x900x4.jpg',695000,55,312750,114,'Nâu 18','- Quần khaki là sự lựa chọn tuyệt vời cho quý ông theo đuổi phong cách lịch lãm nhưng không kém phần trẻ trung, linh hoạt.<br>- Kiểu dáng regular fit cơ bản, đứng dáng, màu sắc đa dạng, dễ dàng kết hợp với áo sơ mi hay blazer cho những sự kiện trang trọng hay áo thun hoặc len tạo sự thoải mái, phóng khoáng.','- Sử dụng phần lớn chất liệu cotton cao cấp pha sợi PE, mẫu khaki kết hợp ưu điểm của cả 2 chất liệu, vẫn có độ mềm mại, thoáng mát, thấm hút tốt của cotton và khả năng chống nhăn, nhàu và giữ độ bền lâu của PE.','2021-07-12'),(82,5,'Quần kaki nam Aristino AKKR02','img/quan-kaki-nam-aristino-AKKR02-14x900x900x4.jpg',750000,0,750000,86,'Be 43 dobby','- Quần khaki phom dáng Regular Fit suông nhẹ mà vẫn đảm bảo vừa vặn số đo hình thể.<br>- Quần dệt Dobby chỉn chu, đường may tỉ mỉ mang đến vẻ lịch lãm cho nam giới. Quần có túi xẻ hai bên và túi cài khuy phía sau tiện lợi. Thiết kế basic, màu sắc cơ bản giúp quần dễ dàng kết hợp với trang phục khác.','- Chất liệu 100% cotton cao cấp thoáng mát giúp quần thấm hút mồ hôi tốt, dễ chịu khi tiếp xúc với da và không gây kích ứng.','2021-08-09'),(83,5,'Quần kaki nam Aristino AKK00208','img/quan-kaki-nam-aristino-AKK00208-11x900x900x4.jpg',695000,38,430900,32,'Nâu 24','- Quần khaki phom dáng Regular fit có độ suông nhẹ vừa vặn, thoải mái trong mọi hoạt động.<br>- Thiết kế đứng dáng, đường may tỉ mỉ và chỉn chu với điểm nhấn logo thêu nổi ở cạp quần giúp nam giới có được sự tự tin, phong độ.<br>- Quần có túi xẻ 2 bên, túi xẻ cài khuy và túi phụ tiện lợi. ','- Chất liệu 100% CVC cao cấp là sự kết hợp ưu điểm của cotton tự nhiên mềm mại, thoáng mát, xốp nhẹ và độ bền chắc, màu sắc sắc nét của sợi nhân tạo giúp quần đứng dáng tự nhiên, không nhăn và bền màu.','2021-12-30'),(84,5,'Quần kaki nam Aristino AKKR0108','img/quan-kaki-nam-aristino-AKKR0108-03x900x900x4.jpg',695000,0,695000,46,'Đen 01','- Quần khaki phom dáng Regular fit ôm vừa cơ thể.<br>- Thiết kế chỉn chu, tỉ mỉ trên từng đường cắt may, mang đến vẻ lịch lãm.<br>- Quần đa dạng về màu sắc, dễ dàng kết hợp với trang phục khác và giúp nam giới có được sự chỉn chu dù ở bất kỳ hoàn cảnh nào.','- Chất liệu CVC cao cấp là sự kết hợp ưu điểm mềm mại, thoáng mát, xốp nhẹ và bền chắc của cotton tự nhiên và màu sắc sắc nét của sợi nhân tạo.','2021-04-21'),(85,5,'Quần kaki nam Aristino AKKR0109','img/quan-kaki-nam-aristino-AKKR0109-03x900x900x4.jpg',695000,48,361400,30,'Đen 01','- Quần khaki phom dáng Regular Fit suông nhẹ mà vẫn đảm bảo vừa vặn số đo hình thể.<br>- Thiết kế chỉn chu, đường may tỉ mỉ mang đến vẻ lịch lãm cho nam giới. Quần có túi xẻ hai bên và túi cài khuy phía sau tiện lợi. Màu sắc cơ bản và dễ dàng kết hợp với trang phục khác.','- Chất liệu CVC cao cấp là sự kết hợp ưu điểm của cotton tự nhiên và sợi nhân tạo, tạo sự mềm mại, thoáng mát, xốp nhẹ và độ bền chắc, màu sắc sắc nét cho quần.','2021-02-26');
/*!40000 ALTER TABLE `sanpham` ENABLE KEYS */;
UNLOCK TABLES;

--
-- Table structure for table `soluong`
--

DROP TABLE IF EXISTS `soluong`;
/*!40101 SET @saved_cs_client     = @@character_set_client */;
/*!50503 SET character_set_client = utf8mb4 */;
CREATE TABLE `soluong` (
  `id_sl` int NOT NULL AUTO_INCREMENT,
  `id_sp` int NOT NULL,
  `id_kc` int NOT NULL,
  `soluong` int DEFAULT NULL,
  PRIMARY KEY (`id_sl`),
  KEY `id_sp` (`id_sp`),
  KEY `id_kc` (`id_kc`),
  CONSTRAINT `soluong_ibfk_1` FOREIGN KEY (`id_sp`) REFERENCES `sanpham` (`id_sp`),
  CONSTRAINT `soluong_ibfk_2` FOREIGN KEY (`id_kc`) REFERENCES `kichco` (`id_kc`)
) ENGINE=InnoDB AUTO_INCREMENT=498 DEFAULT CHARSET=utf8mb4 COLLATE=utf8mb4_0900_ai_ci;
/*!40101 SET character_set_client = @saved_cs_client */;

--
-- Dumping data for table `soluong`
--

LOCK TABLES `soluong` WRITE;
/*!40000 ALTER TABLE `soluong` DISABLE KEYS */;
INSERT INTO `soluong` VALUES (1,1,8,126),(2,1,9,298),(3,1,10,162),(4,1,11,254),(5,1,12,255),(6,1,13,162),(7,2,8,180),(8,2,9,260),(9,2,10,125),(10,2,11,285),(11,2,12,279),(12,2,13,268),(13,3,8,270),(14,3,9,245),(15,3,10,223),(16,3,11,143),(17,3,12,228),(18,3,13,233),(19,4,8,186),(20,4,9,280),(21,4,10,125),(22,4,11,252),(23,4,12,121),(24,4,13,292),(25,5,8,142),(26,5,9,237),(27,5,10,169),(28,5,11,237),(29,5,12,197),(30,5,13,133),(31,6,8,114),(32,6,9,152),(33,6,10,275),(34,6,11,203),(35,6,12,100),(36,6,13,190),(37,7,8,169),(38,7,9,300),(39,7,10,229),(40,7,11,169),(41,7,12,125),(42,7,13,290),(43,8,8,230),(44,8,9,257),(45,8,10,148),(46,8,11,119),(47,8,12,128),(48,8,13,251),(49,9,8,212),(50,9,9,171),(51,9,10,189),(52,9,11,216),(53,9,12,120),(54,9,13,157),(55,10,8,143),(56,10,9,128),(57,10,10,267),(58,10,11,140),(59,10,12,242),(60,10,13,139),(61,11,8,156),(62,11,9,101),(63,11,10,203),(64,11,11,144),(65,11,12,281),(66,11,13,160),(67,12,8,175),(68,12,9,154),(69,12,10,224),(70,12,11,222),(71,12,12,273),(72,12,13,281),(73,13,8,217),(74,13,9,128),(75,13,10,281),(76,13,11,182),(77,13,12,286),(78,13,13,168),(79,14,8,220),(80,14,9,109),(81,14,10,261),(82,14,11,179),(83,14,12,268),(84,14,13,248),(85,15,8,288),(86,15,9,159),(87,15,10,290),(88,15,11,243),(89,15,12,152),(90,15,13,242),(91,16,8,168),(92,16,9,235),(93,16,10,115),(94,16,11,129),(95,16,12,156),(96,16,13,287),(97,17,8,117),(98,17,9,149),(99,17,10,196),(100,17,11,263),(101,17,12,227),(102,17,13,298),(103,18,8,195),(104,18,9,275),(105,18,10,234),(106,18,11,291),(107,18,12,106),(108,18,13,174),(109,19,8,223),(110,19,9,236),(111,19,10,216),(112,19,11,160),(113,19,12,237),(114,19,13,287),(115,20,8,242),(116,20,9,116),(117,20,10,149),(118,20,11,206),(119,20,12,265),(120,20,13,252),(121,21,8,162),(122,21,9,269),(123,21,10,144),(124,21,11,150),(125,21,12,219),(126,21,13,146),(127,22,8,266),(128,22,9,168),(129,22,10,215),(130,22,11,241),(131,22,12,169),(132,22,13,209),(133,23,14,182),(134,23,15,175),(135,23,16,102),(136,23,17,260),(137,23,18,272),(138,24,14,107),(139,24,15,168),(140,24,16,218),(141,24,17,247),(142,24,18,158),(143,25,14,209),(144,25,15,243),(145,25,16,249),(146,25,17,124),(147,25,18,291),(148,26,14,285),(149,26,15,141),(150,26,16,204),(151,26,17,280),(152,26,18,198),(153,27,14,219),(154,27,15,140),(155,27,16,277),(156,27,17,257),(157,27,18,102),(158,28,14,119),(159,28,15,208),(160,28,16,287),(161,28,17,201),(162,28,18,249),(163,29,14,260),(164,29,15,209),(165,29,16,111),(166,29,17,262),(167,29,18,247),(168,30,14,265),(169,30,15,268),(170,30,16,227),(171,30,17,289),(172,30,18,291),(173,31,14,173),(174,31,15,120),(175,31,16,129),(176,31,17,209),(177,31,18,286),(178,32,14,107),(179,32,15,128),(180,32,16,102),(181,32,17,271),(182,32,18,277),(183,33,14,129),(184,33,15,211),(185,33,16,132),(186,33,17,247),(187,33,18,139),(188,34,14,102),(189,34,15,270),(190,34,16,295),(191,34,17,164),(192,34,18,285),(193,35,14,250),(194,35,15,151),(195,35,16,283),(196,35,17,286),(197,35,18,231),(198,36,14,114),(199,36,15,200),(200,36,16,105),(201,36,17,262),(202,36,18,289),(203,37,14,289),(204,37,15,181),(205,37,16,273),(206,37,17,143),(207,37,18,242),(208,38,14,126),(209,38,15,287),(210,38,16,101),(211,38,17,177),(212,38,18,260),(213,39,14,291),(214,39,15,121),(215,39,16,262),(216,39,17,273),(217,39,18,250),(218,40,14,201),(219,40,15,145),(220,40,16,169),(221,40,17,156),(222,40,18,123),(223,41,14,253),(224,41,15,104),(225,41,16,115),(226,41,17,133),(227,41,18,141),(228,42,14,270),(229,42,15,173),(230,42,16,105),(231,42,17,228),(232,42,18,219),(233,43,14,138),(234,43,15,275),(235,43,16,282),(236,43,17,233),(237,43,18,135),(238,44,14,103),(239,44,15,151),(240,44,16,203),(241,44,17,278),(242,44,18,157),(243,45,14,156),(244,45,15,227),(245,45,16,272),(246,45,17,278),(247,45,18,273),(248,46,14,214),(249,46,15,253),(250,46,16,180),(251,46,17,293),(252,46,18,300),(253,47,14,263),(254,47,15,294),(255,47,16,172),(256,47,17,282),(257,47,18,194),(258,48,14,294),(259,48,15,159),(260,48,16,286),(261,48,17,271),(262,48,18,295),(263,49,14,181),(264,49,15,265),(265,49,16,217),(266,49,17,224),(267,49,18,287),(268,50,14,105),(269,50,15,162),(270,50,16,227),(271,50,17,253),(272,50,18,182),(273,51,14,186),(274,51,15,156),(275,51,16,240),(276,51,17,258),(277,51,18,225),(278,52,14,198),(279,52,15,110),(280,52,16,208),(281,52,17,249),(282,52,18,213),(283,53,14,196),(284,53,15,137),(285,53,16,205),(286,53,17,110),(287,53,18,278),(288,54,14,200),(289,54,15,100),(290,54,16,172),(291,54,17,288),(292,54,18,103),(293,55,14,216),(294,55,15,228),(295,55,16,186),(296,55,17,262),(297,55,18,182),(298,56,14,138),(299,56,15,117),(300,56,16,231),(301,56,17,162),(302,56,18,186),(303,57,14,262),(304,57,15,190),(305,57,16,286),(306,57,17,243),(307,57,18,254),(308,58,14,157),(309,58,15,133),(310,58,16,250),(311,58,17,137),(312,58,18,171),(313,59,14,260),(314,59,15,261),(315,59,16,285),(316,59,17,104),(317,59,18,112),(318,60,14,247),(319,60,15,162),(320,60,16,109),(321,60,17,211),(322,60,18,207),(323,61,1,160),(324,61,2,158),(325,61,3,178),(326,61,4,156),(327,61,5,240),(328,61,6,155),(329,61,7,191),(330,62,1,181),(331,62,2,123),(332,62,3,245),(333,62,4,278),(334,62,5,166),(335,62,6,297),(336,62,7,282),(337,63,1,212),(338,63,2,203),(339,63,3,298),(340,63,4,144),(341,63,5,178),(342,63,6,207),(343,63,7,178),(344,64,1,237),(345,64,2,275),(346,64,3,129),(347,64,4,180),(348,64,5,203),(349,64,6,239),(350,64,7,191),(351,65,1,216),(352,65,2,234),(353,65,3,165),(354,65,4,154),(355,65,5,175),(356,65,6,193),(357,65,7,245),(358,66,1,299),(359,66,2,192),(360,66,3,209),(361,66,4,204),(362,66,5,279),(363,66,6,123),(364,66,7,288),(365,67,1,179),(366,67,2,287),(367,67,3,206),(368,67,4,131),(369,67,5,231),(370,67,6,221),(371,67,7,270),(372,68,1,213),(373,68,2,196),(374,68,3,217),(375,68,4,228),(376,68,5,195),(377,68,6,161),(378,68,7,125),(379,69,1,278),(380,69,2,205),(381,69,3,112),(382,69,4,169),(383,69,5,227),(384,69,6,236),(385,69,7,232),(386,70,1,296),(387,70,2,270),(388,70,3,188),(389,70,4,276),(390,70,5,173),(391,70,6,237),(392,70,7,280),(393,71,1,270),(394,71,2,244),(395,71,3,154),(396,71,4,163),(397,71,5,244),(398,71,6,191),(399,71,7,264),(400,72,1,224),(401,72,2,125),(402,72,3,281),(403,72,4,277),(404,72,5,241),(405,72,6,240),(406,72,7,102),(407,73,1,111),(408,73,2,275),(409,73,3,205),(410,73,4,114),(411,73,5,198),(412,73,6,199),(413,73,7,211),(414,74,1,152),(415,74,2,226),(416,74,3,197),(417,74,4,278),(418,74,5,156),(419,74,6,253),(420,74,7,146),(421,75,1,198),(422,75,2,114),(423,75,3,194),(424,75,4,105),(425,75,5,101),(426,75,6,243),(427,75,7,206),(428,76,1,272),(429,76,2,283),(430,76,3,162),(431,76,4,211),(432,76,5,158),(433,76,6,180),(434,76,7,229),(435,77,1,269),(436,77,2,192),(437,77,3,149),(438,77,4,256),(439,77,5,247),(440,77,6,257),(441,77,7,238),(442,78,1,196),(443,78,2,124),(444,78,3,297),(445,78,4,146),(446,78,5,265),(447,78,6,264),(448,78,7,138),(449,79,1,243),(450,79,2,237),(451,79,3,152),(452,79,4,122),(453,79,5,133),(454,79,6,264),(455,79,7,236),(456,80,1,133),(457,80,2,210),(458,80,3,292),(459,80,4,273),(460,80,5,156),(461,80,6,210),(462,80,7,167),(463,81,1,279),(464,81,2,116),(465,81,3,120),(466,81,4,248),(467,81,5,208),(468,81,6,152),(469,81,7,289),(470,82,1,148),(471,82,2,197),(472,82,3,264),(473,82,4,146),(474,82,5,165),(475,82,6,245),(476,82,7,218),(477,83,1,292),(478,83,2,169),(479,83,3,253),(480,83,4,192),(481,83,5,106),(482,83,6,235),(483,83,7,268),(484,84,1,112),(485,84,2,151),(486,84,3,106),(487,84,4,175),(488,84,5,141),(489,84,6,252),(490,84,7,233),(491,85,1,283),(492,85,2,262),(493,85,3,127),(494,85,4,248),(495,85,5,166),(496,85,6,185),(497,85,7,151);
/*!40000 ALTER TABLE `soluong` ENABLE KEYS */;
UNLOCK TABLES;

--
-- Table structure for table `taikhoan`
--

DROP TABLE IF EXISTS `taikhoan`;
/*!40101 SET @saved_cs_client     = @@character_set_client */;
/*!50503 SET character_set_client = utf8mb4 */;
CREATE TABLE `taikhoan` (
  `id_tk` int NOT NULL AUTO_INCREMENT,
  `tk` varchar(100) DEFAULT NULL,
  `mk` varchar(500) DEFAULT NULL,
  PRIMARY KEY (`id_tk`)
) ENGINE=InnoDB AUTO_INCREMENT=17 DEFAULT CHARSET=utf8mb4 COLLATE=utf8mb4_0900_ai_ci;
/*!40101 SET character_set_client = @saved_cs_client */;

--
-- Dumping data for table `taikhoan`
--

LOCK TABLES `taikhoan` WRITE;
/*!40000 ALTER TABLE `taikhoan` DISABLE KEYS */;
INSERT INTO `taikhoan` VALUES (1,'abc','123'),(2,'abc1','123456'),(15,'asd','123'),(16,'adf','123');
/*!40000 ALTER TABLE `taikhoan` ENABLE KEYS */;
UNLOCK TABLES;

--
-- Table structure for table `tinhtrangdh`
--

DROP TABLE IF EXISTS `tinhtrangdh`;
/*!40101 SET @saved_cs_client     = @@character_set_client */;
/*!50503 SET character_set_client = utf8mb4 */;
CREATE TABLE `tinhtrangdh` (
  `id_tr` int NOT NULL AUTO_INCREMENT,
  `tentr` varchar(100) DEFAULT NULL,
  PRIMARY KEY (`id_tr`)
) ENGINE=InnoDB AUTO_INCREMENT=3 DEFAULT CHARSET=utf8mb4 COLLATE=utf8mb4_0900_ai_ci;
/*!40101 SET character_set_client = @saved_cs_client */;

--
-- Dumping data for table `tinhtrangdh`
--

LOCK TABLES `tinhtrangdh` WRITE;
/*!40000 ALTER TABLE `tinhtrangdh` DISABLE KEYS */;
INSERT INTO `tinhtrangdh` VALUES (1,'Đang chờ xác nhận'),(2,'Đang giao');
/*!40000 ALTER TABLE `tinhtrangdh` ENABLE KEYS */;
UNLOCK TABLES;
/*!40103 SET TIME_ZONE=@OLD_TIME_ZONE */;

/*!40101 SET SQL_MODE=@OLD_SQL_MODE */;
/*!40014 SET FOREIGN_KEY_CHECKS=@OLD_FOREIGN_KEY_CHECKS */;
/*!40014 SET UNIQUE_CHECKS=@OLD_UNIQUE_CHECKS */;
/*!40101 SET CHARACTER_SET_CLIENT=@OLD_CHARACTER_SET_CLIENT */;
/*!40101 SET CHARACTER_SET_RESULTS=@OLD_CHARACTER_SET_RESULTS */;
/*!40101 SET COLLATION_CONNECTION=@OLD_COLLATION_CONNECTION */;
/*!40111 SET SQL_NOTES=@OLD_SQL_NOTES */;

-- Dump completed on 2024-03-26 13:05:53
